State,CMP.ID,Facility,HIFLD.NAME
Texas,1272,2101 FM 369 NORTH,ALLRED PRISON
Texas,1272,2101 FM 369 N.,ALLRED PRISON
Texas,1272,2101 FM 369,ALLRED PRISON
Texas,1272,2101 FM 369 N,ALLRED PRISON
Texas,1272,2101 FM369 NORTH,ALLRED PRISON
Texas,1272,2101 FM 969,ALLRED PRISON
Texas,1272,2101 FM 396 NORTH,ALLRED PRISON
Texas,1272,2101 FM 369N,ALLRED PRISON
Texas,1285,1391 FM 3328,BETO PRISON
Texas,1285,1391 FM 3325,BETO PRISON
Texas,1285,BETO UNIT,BETO PRISON
Texas,1285,13941 FM 3328,BETO PRISON
Texas,1285,1391 FM 3228,BETO PRISON
Texas,1418,8500 FM 3053 N,BILLY MOORE CORRECTIONAL CENTER
Texas,1418,8500 N. FM 3053,BILLY MOORE CORRECTIONAL CENTER
Texas,1418,8500 FM 3053,BILLY MOORE CORRECTIONAL CENTER
Texas,1288,200 SPUR 113,BOYD CORRECTIONAL UNIT
Texas,1288,21 SPUR 113,BOYD CORRECTIONAL UNIT
Texas,1289,3900 W. LOOP 571,BRADSHAW STATE JAIL
Texas,1289,BRADSHAW STATE JAIL,BRADSHAW STATE JAIL
Texas,1289,3900 WEST LOOP 571,BRADSHAW STATE JAIL
Texas,1289,3900 WEST LOOP 571 NORTH,BRADSHAW STATE JAIL
Texas,1289,3900 W LOOP 571,BRADSHAW STATE JAIL
Texas,1291,1459 W HWY 85,BRISCOE PRISON
Texas,1291,1459 WEST HIGHWAY 85,BRISCOE PRISON
Texas,1291,1459 W. HIGHWAY 85,BRISCOE PRISON
Texas,1291,1459 HWY 85,BRISCOE PRISON
Texas,1296,21 FM 247,BYRD DIAGNOSTIC INTAKE FACILITY
Texas,1296,27 FM 247,BYRD DIAGNOSTIC INTAKE FACILITY
Texas,1296,21 F.M. 247,BYRD DIAGNOSTIC INTAKE FACILITY
Texas,1296,21FM 247,BYRD DIAGNOSTIC INTAKE FACILITY
Texas,1296,21 F M 247,BYRD DIAGNOSTIC INTAKE FACILITY
Texas,1296,21 FARM TO MARKET ROAD 247,BYRD DIAGNOSTIC INTAKE FACILITY
Texas,1461,1300 FM 655,C T TERRELL PRISON
Texas,1461,1300 FM 355,C T TERRELL PRISON
Texas,1461,1300 FM 655 ROSHARON,C T TERRELL PRISON
Texas,1419,1700 N. FM 87,CHOICE MOORE TRANSFER FACILITY
Texas,1419,1700 N FM 87,CHOICE MOORE TRANSFER FACILITY
Texas,1302,11034 HWY 36,CLEMENS PRISON
Texas,1303,9601 SPUR 591,CLEMENTS PRISON
Texas,1303,9601 SPUR 561,CLEMENTS PRISON
Texas,1303,CLEMENTS UNIT,CLEMENTS PRISON
Texas,1303,9301 SPUR 591,CLEMENTS PRISON
Texas,1303,8601 SPUR 591,CLEMENTS PRISON
Texas,1304,2661 FM 2054,COFFIELD UNIT
Texas,1304,2661 FM 2054 (COFFIELD UNIT),COFFIELD UNIT
Texas,1305,3801 SILO ROAD,COLE STATE JAIL
Texas,1305,3801 SILO RD.,COLE STATE JAIL
Texas,1305,3801 SILO RD,COLE STATE JAIL
Texas,1305,3801 SHILOH RD,COLE STATE JAIL
Texas,1308,899 FM 632,CONNALLY PRISON
Texas,1310,610 FM 624,COTULLA TRANSFER FACILITY
Texas,1311,1401 STATE SCHOOL ROAD,CRAIN UNIT
Texas,1311,1401 STATE SCHOOL RD,CRAIN UNIT
Texas,1311,1401 STATE SCHOOL RD.,CRAIN UNIT
Texas,1314,11950 FM 998,DALHART PRISON
Texas,1314,DALHART UNIT,DALHART PRISON
Texas,2114,DAWSON STATE JAIL,DAWSON COUNTY JAIL
Texas,1320,1604 S. 1ST ST.,DIBOLL CORRECTIONAL CENTER
Texas,1320,1604 S 1ST ST,DIBOLL CORRECTIONAL CENTER
Texas,1320,1604 S. FIRST ST,DIBOLL CORRECTIONAL CENTER
Texas,1320,1604 SOUTH FIRST ST,DIBOLL CORRECTIONAL CENTER
Texas,1320,1604 SOUTH FIRST STREET,DIBOLL CORRECTIONAL CENTER
Texas,1325,6535 CAGON RD,DOMINGUEZ STATE PRISON
Texas,1325,6535 CAGNON RD,DOMINGUEZ STATE PRISON
Texas,1325,6535 CAGNON RD.,DOMINGUEZ STATE PRISON
Texas,1325,6535 CAGNON ROAD,DOMINGUEZ STATE PRISON
Texas,1325,DOMINGUEZ STATE JAIL,DOMINGUEZ STATE PRISON
Texas,1326,1502 SOUTH 1ST STREET,DUNCAN GERIATRIC FACILITY
Texas,1326,1502 S 1ST ST,DUNCAN GERIATRIC FACILITY
Texas,1326,1502 SOUTH FIRST STREET,DUNCAN GERIATRIC FACILITY
Texas,1326,1502 S 1ST STREET,DUNCAN GERIATRIC FACILITY
Texas,1326,1502 SOUTH FIRST ST,DUNCAN GERIATRIC FACILITY
Texas,1326,1502 S 1ST ST.,DUNCAN GERIATRIC FACILITY
Texas,1326,1502 1ST ST.,DUNCAN GERIATRIC FACILITY
Texas,1326,1502 1ST ST,DUNCAN GERIATRIC FACILITY
Texas,1326,1502 S. !ST. STREET,DUNCAN GERIATRIC FACILITY
Texas,1326,1502 SOUTH FIRST,DUNCAN GERIATRIC FACILITY
Texas,1327,900 INDUSTRIAL DRIVE,EAST TEXAS TREATMENT FACILITY
Texas,1327,900 INDUSTRIAL DR.,EAST TEXAS TREATMENT FACILITY
Texas,1327,900 INDUSTRIAL DR,EAST TEXAS TREATMENT FACILITY
Texas,1327,EAST TEXAS MEDICAL CTR,EAST TEXAS TREATMENT FACILITY
Texas,1327,EAST TEXAS MEDICAL CENTER,EAST TEXAS TREATMENT FACILITY
Texas,1327,ETMC FAIRFIELD 125 NEWMAN,EAST TEXAS TREATMENT FACILITY
Texas,1328,EASTHAM UNIT,EASTHAM PRISON AND TRUSTY CAMP
Texas,1331,1697 FM 980,ELLIS PRISON
Texas,1331,1697 FM RD 980,ELLIS PRISON
Texas,1331,ELLIS UNIT FM 980,ELLIS PRISON
Texas,1331,1697 FARM TO MRKET ROAD 980,ELLIS PRISON
Texas,1333,264 FM 3478,ESTELLE PRISON
Texas,1333,264 FM 3418,ESTELLE PRISON
Texas,1333,264 FM ROAD 3478,ESTELLE PRISON
Texas,1333,2645 FM 3478,ESTELLE PRISON
Texas,1333,3478 FM 264,ESTELLE PRISON
Texas,1333,264 FM 6478,ESTELLE PRISON
Texas,1333,264 FM 3468,ESTELLE PRISON
Texas,1333,264 FM 3674,ESTELLE PRISON
Texas,1333,ESTELLE UNIT,ESTELLE PRISON
Texas,1333,264 F.M. 3478,ESTELLE PRISON
Texas,1333,264 FM 3478 ESTELLE UNIT,ESTELLE PRISON
Texas,1333,246 FM 3478,ESTELLE PRISON
Texas,1333,264 FM 3748,ESTELLE PRISON
Texas,1333,247 FM 3478,ESTELLE PRISON
Texas,1333,264 FM3748,ESTELLE PRISON
Texas,1333,264 FARM TO MARKET ROAD 3478,ESTELLE PRISON
Texas,1333,264 FM ROAD #3478,ESTELLE PRISON
Texas,1333,264 FM RD #3478,ESTELLE PRISON
Texas,1333,264 FARM TO MARKET 3478,ESTELLE PRISON
Texas,1333,264 FARM TO MARKET ROAD,ESTELLE PRISON
Texas,1333,264 FARM TO MARKET RD 3478,ESTELLE PRISON
Texas,1334,1100 FM 1807,ESTES PRISON
Texas,1337,12120 SAVAGE DR,FERGUSON PRISON
Texas,1337,12120 SAVAGE DRIVE,FERGUSON PRISON
Texas,1337,12120 SAVAGE DR.,FERGUSON PRISON
Texas,1338,998 COUNTY ROAD AA,FORMBY STATE JAIL
Texas,1340,1536 INTERSTATE 10 EAST,FORT STOCKTON TRANSFER FACILITY
Texas,1340,1536 EAST IH-10,FORT STOCKTON TRANSFER FACILITY
Texas,1340,1536 E. IH 10,FORT STOCKTON TRANSFER FACILITY
Texas,1344,4304 TX-202,GARZA EAST TRANSFER FACILITY
Texas,1344,4304 HIGHWAY 2002,GARZA EAST TRANSFER FACILITY
Texas,1344,GARZA EAST UNIT,GARZA EAST TRANSFER FACILITY
Texas,1344,4304 HWY 202,GARZA EAST TRANSFER FACILITY
Texas,1344,1040 ENTERPRISE STREET,GARZA EAST TRANSFER FACILITY
Texas,1344,4304 HIGHWAY 202,GARZA EAST TRANSFER FACILITY
Texas,1344,4303 HWY 202,GARZA EAST TRANSFER FACILITY
Texas,1345,4250 HIGHWAY 202,GARZA WEST TRANSFER FACILITY
Texas,1345,4250 HWY 202,GARZA WEST TRANSFER FACILITY
Texas,1345,4250 TX-202,GARZA WEST TRANSFER FACILITY
Texas,1345,4250 HWY. 202,GARZA WEST TRANSFER FACILITY
Texas,1349,3295 FM 3514,GIST STATE JAIL
Texas,1349,2395 FM 3514,GIST STATE JAIL
Texas,1350,5100 S. FM 1329,GLOSSBRENNER PRISON-SAFPF
Texas,1352,7405 HWY 75 SOUTH,GOREE PRISON AND TRUSTY CAMP
Texas,1352,7405 HWY 75 S,GOREE PRISON AND TRUSTY CAMP
Texas,1352,7504 HWY 75 S,GOREE PRISON AND TRUSTY CAMP
Texas,1357,1385 FM 3328,GURNEY TRANSFER FACILITY
Texas,1357,3185 FM 3328,GURNEY TRANSFER FACILITY
Texas,1357,2664 FM 3328,GURNEY TRANSFER FACILITY
Texas,1357,GURNEY UNIT,GURNEY TRANSFER FACILITY
Texas,1357,GURNEY UNIT 1385 FM 3328,GURNEY TRANSFER FACILITY
Texas,1359,200 LEE MORRISON LANE,HAMILTON PRISON (PRE-RELEASE FACILITY)
Texas,1362,500 FM 45 EAST,HAVINS PRE-RELEASE FACILITY
Texas,1364,7581 HWY 321,HENLEY STATE JAIL
Texas,1367,1500 STATE SCHOOL ROAD,HILLTOP UNIT
Texas,1367,1500 STATE SCHOOL RD,HILLTOP UNIT
Texas,1368,742 FM 712,HOBBY PRISON
Texas,1368,HOBBY UNIT,HOBBY PRISON
Texas,1368,741 FM 742,HOBBY PRISON
Texas,1368,741 FM 712,HOBBY PRISON
Texas,1369,379 FM 2972 W,HODGE UNIT
Texas,1369,379 FM 2972 WEST,HODGE UNIT
Texas,1369,379 FM 2972W,HODGE UNIT
Texas,1369,379 FM 2972 W.,HODGE UNIT
Texas,1369,379 FM 2972,HODGE UNIT
Texas,1369,379 FM 2972W.,HODGE UNIT
Texas,1370,295 IH 45 N,HOLLIDAY TRANSFER FACILITY
Texas,1370,295 IH 45N,HOLLIDAY TRANSFER FACILITY
Texas,1370,295 I45N,HOLLIDAY TRANSFER FACILITY
Texas,1370,295 IH-45,HOLLIDAY TRANSFER FACILITY
Texas,1370,295 I-H 45 N,HOLLIDAY TRANSFER FACILITY
Texas,1370,295 IH-45N,HOLLIDAY TRANSFER FACILITY
Texas,1370,295 IH 45,HOLLIDAY TRANSFER FACILITY
Texas,1370,295 IH-45 NORTH,HOLLIDAY TRANSFER FACILITY
Texas,1370,295 INTERSTATE HIGHWAY 45 NORTH,HOLLIDAY TRANSFER FACILITY
Texas,1370,295 IH-45 N,HOLLIDAY TRANSFER FACILITY
Texas,1373,3201 FM 929,HUGHES PRISON
Texas,1373,3201 FM 920,HUGHES PRISON
Texas,1373,RT. 2 BOX 4400,HUGHES PRISON
Texas,1373,RT. 2,HUGHES PRISON
Texas,1373,RT. 2 BOX 2250,HUGHES PRISON
Texas,1373,"RT. 2, BOX 4400",HUGHES PRISON
Texas,1373,"RT 2, BOX 500",HUGHES PRISON
Texas,1373,RT 2 BOX 4400,HUGHES PRISON
Texas,1373,"RT 2, BOX 2250",HUGHES PRISON
Texas,1373,"RT 2, BOX 4400",HUGHES PRISON
Texas,1373,"RT. 2, BOX 500",HUGHES PRISON
Texas,1373,RT 2 BOX 500,HUGHES PRISON
Texas,1373,RT 2,HUGHES PRISON
Texas,1373,ROUTE 2 BX 4400 (HUGHES UNIT),HUGHES PRISON
Texas,1373,3201 FM 292,HUGHES PRISON
Texas,1374,815 12TH ST,HUNTSVILLE PRISON
Texas,1374,815 12TH STREET,HUNTSVILLE PRISON
Texas,1374,815 12TH ST.,HUNTSVILLE PRISON
Texas,1374,HUNTSVILLE UNIT,HUNTSVILLE PRISON
Texas,1374,815 15TH ST,HUNTSVILLE PRISON
Texas,1374,812 12TH ST,HUNTSVILLE PRISON
Texas,1375,1500 E. LANGDON ROAD,HUTCHINS STATE JAIL
Texas,1375,1500 EAST LANGDON ROAD,HUTCHINS STATE JAIL
Texas,1375,1500 EAST LANGDON RD,HUTCHINS STATE JAIL
Texas,1375,1500 E. LANGDOM RD.,HUTCHINS STATE JAIL
Texas,1375,1500 LANGDON RD,HUTCHINS STATE JAIL
Texas,1375,1500 E. LANGFORD ROAD,HUTCHINS STATE JAIL
Texas,1378,1 JESTER ROAD,JESTER I UNIT
Texas,1378,I JESTER ROAD,JESTER I UNIT
Texas,1379,3 JESTER ROAD,JESTER III UNIT / TRUSTY CAMP
Texas,1379,3 JESTER RD,JESTER III UNIT / TRUSTY CAMP
Texas,1379,3 JESTER RD.,JESTER III UNIT / TRUSTY CAMP
Texas,1379,JESTER III,JESTER III UNIT / TRUSTY CAMP
Texas,1379,JESTER 3 UNIT,JESTER III UNIT / TRUSTY CAMP
Texas,1379,#3 JESTER RD,JESTER III UNIT / TRUSTY CAMP
Texas,1379,3 JESTOR RD,JESTER III UNIT / TRUSTY CAMP
Texas,1380,4 JESTER ROAD,JESTER IV (PSYCHIATRIC FACILITY)
Texas,1380,4 JESTER RD,JESTER IV (PSYCHIATRIC FACILITY)
Texas,1380,JESTER 4 PRISON UNIT,JESTER IV (PSYCHIATRIC FACILITY)
Texas,1380,4JESTER RD,JESTER IV (PSYCHIATRIC FACILITY)
Texas,1380,# 4 JESTER RD,JESTER IV (PSYCHIATRIC FACILITY)
Texas,1380,#4 JESTER RD,JESTER IV (PSYCHIATRIC FACILITY)
Texas,1380,JESTER 4 UNIT-4 JESTER RD.,JESTER IV (PSYCHIATRIC FACILITY)
Texas,1382,JOHNSTON UNIT,JOHNSTON SAFPF
Texas,1382,703 AIRPORT R.,JOHNSTON SAFPF
Texas,1382,703 AIRPORT ROAD,JOHNSTON SAFPF
Texas,1383,1992 HELTON RD,JORDAN PRISON
Texas,1383,1992 HELTON ROAD,JORDAN PRISON
Texas,1383,JORDAN UNIT,JORDAN PRISON
Texas,1383,1992 HILTON ROAD,JORDAN PRISON
Texas,1383,1992 HILTON RD,JORDAN PRISON
Texas,1390,23001 IH 35,KYLE CORRECTIONAL CENTER
Texas,1390,230001 IH 35,KYLE CORRECTIONAL CENTER
Texas,1390,23001 IH-35,KYLE CORRECTIONAL CENTER
Texas,1366,902 FM 686,L.V. HIGHTOWER UNIT
Texas,1366,902 FM686,L.V. HIGHTOWER UNIT
Texas,1366,902 FARM TO MARKET ROAD 686,L.V. HIGHTOWER UNIT
Texas,1392,3695 FM 3514,LEBLANC PRE-RELEASE FACILITY
Texas,1392,2695 FM 3514,LEBLANC PRE-RELEASE FACILITY
Texas,1394,777 FM 3497,LEWIS PRISON
Texas,1394,777 FM 3479,LEWIS PRISON
Texas,1394,777 FM 3597,LEWIS PRISON
Texas,1394,LEWIS UNIT,LEWIS PRISON
Texas,1394,FM 3497,LEWIS PRISON
Texas,1398,1620 FM 3344,LINDSEY STATE JAIL
Texas,1401,1203 EL CIBOLO ROAD,LOPEZ STATE JAIL
Texas,1401,1203 EL CIBOLO RD,LOPEZ STATE JAIL
Texas,1401,1203 CIBOLO RD,LOPEZ STATE JAIL
Texas,1401,1203 E. CIBOLO RD,LOPEZ STATE JAIL
Texas,1401,1203 EL CIBALO RD.,LOPEZ STATE JAIL
Texas,1403,1800 LUTHER DRIVE,LUTHER PRISON AND TRUSTY CAMP
Texas,1403,1800 LUTHER DR,LUTHER PRISON AND TRUSTY CAMP
Texas,1404,2350 ATASCOCITA RD,LYCHNER STATE JAIL
Texas,1404,2350 ATASCOCITA ROAD,LYCHNER STATE JAIL
Texas,1404,2350 ATASCOSITA RD,LYCHNER STATE JAIL
Texas,1404,2350,LYCHNER STATE JAIL
Texas,1404,2350 ATASCOCIA RD,LYCHNER STATE JAIL
Texas,1404,2350 ATASCOSITA ROAD,LYCHNER STATE JAIL
Texas,1405,1098 S. HWY 2037,LYNAUGH PRISON
Texas,1405,1098 S HWY 2037,LYNAUGH PRISON
Texas,1405,1098 S. HWY. 2037,LYNAUGH PRISON
Texas,1405,1098 S HIGHWAY 2037,LYNAUGH PRISON
Texas,1405,1098 S. HIGHWAY 2037,LYNAUGH PRISON
Texas,1405,1098 SOUTH HWY 2037,LYNAUGH PRISON
Texas,1405,1908 S. HIGHWAY 2037,LYNAUGH PRISON
Texas,1406,2893 HWY 6,MARLIN UNIT
Texas,1410,3001 SOUTH EMILY DRIVE,MCCONNELL PRISON
Texas,1410,3001 SOUTH EMILY DR,MCCONNELL PRISON
Texas,1410,3001 S EMILY DRIVE,MCCONNELL PRISON
Texas,1410,3001 EMILY DRIVE,MCCONNELL PRISON
Texas,1410,3001 S. EMILY DRIVE,MCCONNELL PRISON
Texas,1410,3001 S. EMILY DR.,MCCONNELL PRISON
Texas,1410,3001 EMILY DR,MCCONNELL PRISON
Texas,1410,300 S. EMILY DR.,MCCONNELL PRISON
Texas,1410,3001 S. EMILY DR,MCCONNELL PRISON
Texas,1410,3001 S. EMILY,MCCONNELL PRISON
Texas,1410,3001 S EMILY DR,MCCONNELL PRISON
Texas,1410,3001 SOUTH EMILY DR.,MCCONNELL PRISON
Texas,1412,2664 FM 2054,MICHAEL STATE PRISON
Texas,1412,MICHAEL UNIT,MICHAEL STATE PRISON
Texas,1412,26664 FM 2054,MICHAEL STATE PRISON
Texas,1412,2664 FM 2064,MICHAEL STATE PRISON
Texas,1412,2664 FM 254,MICHAEL STATE PRISON
Texas,1412,2664 FM 2228,MICHAEL STATE PRISON
Texas,1412,2644 FM 2054,MICHAEL STATE PRISON
Texas,1412,2264 FM 2054,MICHAEL STATE PRISON
Texas,1412,2665 FM 2054,MICHAEL STATE PRISON
Texas,1412,2664 FM 2055,MICHAEL STATE PRISON
Texas,1412,2664 AM 2054,MICHAEL STATE PRISON
Texas,1412,2664 FM 5025,MICHAEL STATE PRISON
Texas,1412,2664 FM 2054 MICHAEL UNIT,MICHAEL STATE PRISON
Texas,1412,"MICHAEL UNIT, 2664 FM 2054",MICHAEL STATE PRISON
Texas,1412,MICHAEL UNIT 2664 FM 2054,MICHAEL STATE PRISON
Texas,1414,13055 FM 3522,MIDDLETON TRANSFER FACILITY
Texas,1414,MIDDLETON UNIT,MIDDLETON TRANSFER FACILITY
Texas,1416,8602 PEACH AVENUE,MONTFORD UNIT - PSYCHIATRIC FACILITY
Texas,1416,8602 PEACH STREET,MONTFORD UNIT - PSYCHIATRIC FACILITY
Texas,1416,8602 PEACH AVE,MONTFORD UNIT - PSYCHIATRIC FACILITY
Texas,1416,8602 PEACH AVE.,MONTFORD UNIT - PSYCHIATRIC FACILITY
Texas,1416,8602 PEACH ST,MONTFORD UNIT - PSYCHIATRIC FACILITY
Texas,1416,8602 PEACH ST.,MONTFORD UNIT - PSYCHIATRIC FACILITY
Texas,1416,8602 PEACH,MONTFORD UNIT - PSYCHIATRIC FACILITY
Texas,1416,9602 PEACH ST,MONTFORD UNIT - PSYCHIATRIC FACILITY
Texas,1416,MONTFORD UNIT,MONTFORD UNIT - PSYCHIATRIC FACILITY
Texas,1416,8602 PEACH TREE,MONTFORD UNIT - PSYCHIATRIC FACILITY
Texas,1416,86802 PEACH STREET,MONTFORD UNIT - PSYCHIATRIC FACILITY
Texas,1420,2503 RANSOM RD,MOUNTAIN VIEW PRISON
Texas,1420,2305 RANSOM ROAD,MOUNTAIN VIEW PRISON
Texas,1421,1916 NORTH HWY 36 BYPASS,MURRAY PRISON
Texas,1421,1916 N HWY 36 BYPASS,MURRAY PRISON
Texas,1421,1916 HWY 36 BY-PASS,MURRAY PRISON
Texas,1421,1916 HWY 36 BYPASS,MURRAY PRISON
Texas,1421,1916 HWY BYPASS 36,MURRAY PRISON
Texas,1421,1916 N. HWY 36 BYPASS,MURRAY PRISON
Texas,1421,1916 NORTH HIGHWAY 36 BYPASS,MURRAY PRISON
Texas,1421,1916 HIGHWAY 36 BYPASS,MURRAY PRISON
Texas,1421,1916 NORTH HWY. 36 BYPASS,MURRAY PRISON
Texas,1421,1916 N. HWY. 36 BYPASS,MURRAY PRISON
Texas,1423,9055 SPUR 591,NEAL PRISON
Texas,1423,9055 SPUR 951,NEAL PRISON
Texas,1423,NEAL UNIT,NEAL PRISON
Texas,1423,90055 SPUR 591,NEAL PRISON
Texas,1424,114 PRIVATE ROAD 4303,NEY STATE JAIL
Texas,1424,114 PRIVATE RD 4303,NEY STATE JAIL
Texas,1428,2400 WALLACE PACK,PACK PRISON AND TRUSTY CAMP
Texas,1428,2400 WALALCE PACK RD,PACK PRISON AND TRUSTY CAMP
Texas,1428,2400 WALLACE PACK RD,PACK PRISON AND TRUSTY CAMP
Texas,1428,2400 WALLACE PACK ROAD,PACK PRISON AND TRUSTY CAMP
Texas,1428,2400 PACK WALLACE ROAD,PACK PRISON AND TRUSTY CAMP
Texas,1428,2400 WALALCE PACK ROAD,PACK PRISON AND TRUSTY CAMP
Texas,1428,PACK UNIT INFIRMARY,PACK PRISON AND TRUSTY CAMP
Texas,1431,904 FM 686,PLANE STATE JAIL
Texas,1431,PLANE STATE JAIL,PLANE STATE JAIL
Texas,1431,904 F.M. 686,PLANE STATE JAIL
Texas,1431,904 FM 685,PLANE STATE JAIL
Texas,1432,3872 FM 350 SOUTH,POLUNSKY PRISON
Texas,1432,3872 FM 350 S,POLUNSKY PRISON
Texas,1432,3872 FM 350,POLUNSKY PRISON
Texas,1432,3872 FM 350S,POLUNSKY PRISON
Texas,1432,3872 FM 350 S.,POLUNSKY PRISON
Texas,1432,3872 FARM TO MARKET ROAD 350 SOUTH,POLUNSKY PRISON
Texas,1434,1400 FM 3452,POWLEDGE PRISON
Texas,1434,1400 FM RD 3452,POWLEDGE PRISON
Texas,1434,1400 FM3452,POWLEDGE PRISON
Texas,1317,938 SOUTH FM 1673,PRICE DANIEL UNIT
Texas,1317,938 S. FM 1673,PRICE DANIEL UNIT
Texas,1317,DANIEL UNIT,PRICE DANIEL UNIT
Texas,1435,1110 FM 655,RAMSEY PRISON
Texas,1435,1100 FM 655,RAMSEY PRISON
Texas,1435,1100 FM 665,RAMSEY PRISON
Texas,1436,15845 FM 164,ROACH UNIT
Texas,1437,12071 FM 3522,ROBERTSON PRISON
Texas,1437,12017 FM 3522,ROBERTSON PRISON
Texas,1437,NEAR FM 3522 AND CR 301,ROBERTSON PRISON
Texas,1437,12071 FM 2522,ROBERTSON PRISON
Texas,1437,"ROBERTSON UNIT, 12071 FM 3522",ROBERTSON PRISON
Texas,1443,3901 STATE JAIL ROAD,SANCHEZ STATE JAIL
Texas,1444,4176 FM 1800,SAYLE SAFPF
Texas,1445,6999 RETRIEVE ROAD,SCOTT PRISON
Texas,1445,6999 RETRIEVE CR 290,SCOTT PRISON
Texas,1445,6999 RETREIVE RD,SCOTT PRISON
Texas,1445,6999 RETRIEVE,SCOTT PRISON
Texas,1445,6999 RETRIEVE RD,SCOTT PRISON
Texas,1447,1201 E. EL CIBOLO RD,SEGOVIA PRE-RELEASE FACILITY
Texas,1447,1201 EAST EL CIBOLO ROAD,SEGOVIA PRE-RELEASE FACILITY
Texas,1447,1201 E. EL CIBOLO ROAD,SEGOVIA PRE-RELEASE FACILITY
Texas,1448,SKYVIEW UNIT,SKYVIEW PSYCHIATRIC FACILITY
Texas,1448,FM 2972 SKYVIEW UNIT,SKYVIEW PSYCHIATRIC FACILITY
Texas,1448,"FM 2972 WEST, SKYVIEW UNIT",SKYVIEW PSYCHIATRIC FACILITY
Texas,1450,1313 COUNTY RD. 19,SMITH PRISON
Texas,1450,1313 COUNTY ROAD 19,SMITH PRISON
Texas,1450,1313 COUNTY RD 19,SMITH PRISON
Texas,1450,"1313 COUNTY ROAD, SMITH UNIT",SMITH PRISON
Texas,1450,1313 COUNTRY ROAD 19,SMITH PRISON
Texas,1455,1525 FM 766,STEVENSON PRISON
Texas,1455,1525 FM 1766,STEVENSON PRISON
Texas,1455,"STEVENSON UNIT, 1525 FM 766",STEVENSON PRISON
Texas,1456,3060 FM 3514,STILES UNIT
Texas,1456,3060 FM 3415,STILES UNIT
Texas,1456,STILES UNIT,STILES UNIT
Texas,1456,3060 FM 3515,STILES UNIT
Texas,1456,3514 FM 3060,STILES UNIT
Texas,1456,3069 FM 3515,STILES UNIT
Texas,1456,3060 FM RD 3514,STILES UNIT
Texas,1456,3060 FARM TO MARKET ROAD 3514,STILES UNIT
Texas,1457,1200 FM 655,STRINGFELLOW PRISON
Texas,1460,3899 STATE HWY 98,TELFORD PRISON
Texas,1460,3899 STATE HIGHWAY 98,TELFORD PRISON
Texas,1460,3899 STATE HIGHWAY 98 SOUTH,TELFORD PRISON
Texas,1460,3899 HWY 98,TELFORD PRISON
Texas,1460,3899 HIGHWAY 98 SOUTH,TELFORD PRISON
Texas,1460,TELFORD UNIT,TELFORD PRISON
Texas,1460,3890 STATE HWY 90,TELFORD PRISON
Texas,1460,3899 HWY 98S,TELFORD PRISON
Texas,1460,3899 HIGHWAY 98S,TELFORD PRISON
Texas,1460,3899 STATE HWY. 98 SOUTH,TELFORD PRISON
Texas,1460,3899 STATE HWY. 09,TELFORD PRISON
Texas,1460,3899 STATE HWY. 98,TELFORD PRISON
Texas,1467,125 PRIVATE ROAD #4303,TORRES PRISON
Texas,1467,125 PRIVATE RD # 4303,TORRES PRISON
Texas,1467,125 PRIVATE ROAD,TORRES PRISON
Texas,2802,8101 FM 969,TRAVIS COUNTY UNIT
Texas,1371,809 HARBORSIDE DRIVE,TX DEPARTMENT OF CRIMINAL JUSTICE - HOSPITAL GALVESTON
Texas,1371,809 HARBORSIDE,TX DEPARTMENT OF CRIMINAL JUSTICE - HOSPITAL GALVESTON
Texas,1371,809 HARBORSIDE DR.,TX DEPARTMENT OF CRIMINAL JUSTICE - HOSPITAL GALVESTON
Texas,1371,809 HARBORISDE DRIVE,TX DEPARTMENT OF CRIMINAL JUSTICE - HOSPITAL GALVESTON
Texas,1371,809 HARBORSIDE DR,TX DEPARTMENT OF CRIMINAL JUSTICE - HOSPITAL GALVESTON
Texas,1371,809 HABORSIDE DRIVE,TX DEPARTMENT OF CRIMINAL JUSTICE - HOSPITAL GALVESTON
Texas,1371,809 HARBROSIDE DRIVE,TX DEPARTMENT OF CRIMINAL JUSTICE - HOSPITAL GALVESTON
Texas,1371,809 HARBORSIDE GALVESTON,TX DEPARTMENT OF CRIMINAL JUSTICE - HOSPITAL GALVESTON
Texas,1371,809 HARBOSIDE DRIVE,TX DEPARTMENT OF CRIMINAL JUSTICE - HOSPITAL GALVESTON
Texas,1371,890 HARBORSIDE DRIVE,TX DEPARTMENT OF CRIMINAL JUSTICE - HOSPITAL GALVESTON
Texas,1371,901 HARBORSIDE DRIVE,TX DEPARTMENT OF CRIMINAL JUSTICE - HOSPITAL GALVESTON
Texas,1371,"809 HARBORSIDE DRIVE, HOSPITAL GALVESTON",TX DEPARTMENT OF CRIMINAL JUSTICE - HOSPITAL GALVESTON
Texas,1371,809 HARBORSIDE DRIVE HOSPITAL GALVESTON,TX DEPARTMENT OF CRIMINAL JUSTICE - HOSPITAL GALVESTON
Texas,1371,710 HARBORSIDE,TX DEPARTMENT OF CRIMINAL JUSTICE - HOSPITAL GALVESTON
Texas,1371,801 HARBORSIDE,TX DEPARTMENT OF CRIMINAL JUSTICE - HOSPITAL GALVESTON
Texas,2146,810 FM 2821 W,WALKER COUNTY JAIL
Texas,2146,750 FM 2821,WALKER COUNTY JAIL
Texas,1477,1675 S. FM 3525,WALLACE UNIT
Texas,1477,1675 SOUTH 3525,WALLACE UNIT
Texas,1477,1675 SOUTH FM 3525,WALLACE UNIT
Texas,1477,1675 FM 3525,WALLACE UNIT
Texas,1485,1695 BUFFALO DR,WILLACY COUNTY STATE JAIL
Texas,1485,1695 SOUTH BUFFOLO DR.,WILLACY COUNTY STATE JAIL
Texas,1485,1695 BUFFALO DR.,WILLACY COUNTY STATE JAIL
Texas,1485,1695 S. BUFFALO DR.,WILLACY COUNTY STATE JAIL
Texas,1485,1695 SOUTH BUFFALO DRIVE,WILLACY COUNTY STATE JAIL
Texas,1487,1210 CORYELL CITY RD,WOODMAN STATE JAIL
Texas,1487,1210 CORYELL CITY ROAD,WOODMAN STATE JAIL
Texas,1487,1012 CORYELL CITY RD,WOODMAN STATE JAIL
Texas,1488,810 FM 2821,WYNNE PRISON
Texas,1488,WYNNE UNIT,WYNNE PRISON
Texas,1488,WYNNE UNIT TRUSTY CAMP,WYNNE PRISON
Texas,1488,810 FARM TO MARKET ROAD 2821,WYNNE PRISON
Texas,1299,5509 ATTWATER AVENUE,YOUNG MEDICAL FACILITY COMPLEX
Texas,1299,5509 ATTWATER AVE,YOUNG MEDICAL FACILITY COMPLEX
Texas,1299,5509 ATTWATER AVE.,YOUNG MEDICAL FACILITY COMPLEX
Texas,1299,5509 ATTWATER DRIVE,YOUNG MEDICAL FACILITY COMPLEX
Texas,1299,5509 ATTWATER,YOUNG MEDICAL FACILITY COMPLEX
Texas,1299,5509 ATTWATER DR,YOUNG MEDICAL FACILITY COMPLEX
Texas,1299,5509 ATTWATER AEVNUE,YOUNG MEDICAL FACILITY COMPLEX
Texas,1299,5539 ATTWATER AVENUE,YOUNG MEDICAL FACILITY COMPLEX
Texas,1299,5509 ATTWATER AVENUE CAROLE MEDICAL UNIT,YOUNG MEDICAL FACILITY COMPLEX
Texas,1299,5509 ATTWATER AVENU,YOUNG MEDICAL FACILITY COMPLEX
Texas,1299,509 ATTWATER AVENUE,YOUNG MEDICAL FACILITY COMPLEX
Texas,NA,2334 FM 2054,NA
Texas,NA,2600 S. SUNSET,NA
Texas,NA,1313 CR 19,NA
Texas,NA,10950 BEAUMONT HWY,NA
Texas,NA,59 DARRINGTON RD,NA
Texas,NA,2600 SOUTH SUNSET AVE,NA
Texas,NA,1000 S. BECKHAM AVE,NA
Texas,NA,600 ELIZABETH ST,NA
Texas,NA,2900 S LOOP 256,NA
Texas,NA,2665 PRISON ROAD #1,NA
Texas,NA,986 COUNTY ROAD AA,NA
Texas,NA,59 DARRINGTON ROAD,NA
Texas,NA,2655 PRISON ROAD #1,NA
Texas,NA,539 S.E. 2ND STREET,NA
Texas,NA,4000 HWY 86 WEST,NA
Texas,NA,1501 S. COULTER,NA
Texas,NA,2401 S. 31ST ST.,NA
Texas,NA,1000 PINE STREET,NA
Texas,NA,NA,NA
Texas,NA,4000 NORTH TENTH STREET,NA
Texas,NA,2401 SOUTH 31ST,NA
Texas,NA,4000 N. 10TH,NA
Texas,NA,132 E. HOSPITAL DR.,NA
Texas,NA,1100 WEST BLUFF,NA
Texas,NA,132 E HOSPITAL DRIVE,NA
Texas,NA,1600 11TH STREET,NA
Texas,NA,1000 S. BECKHAM,NA
Texas,NA,1900 PINE STREET,NA
Texas,NA,2900 S. LOOP 256,NA
Texas,NA,1705 JACKSON STREET,NA
Texas,NA,707 TOP STREET,NA
Texas,NA,59 DARRINGTON,NA
Texas,NA,2665 PRISON ROAD 1,NA
Texas,NA,901 E 5TH ST,NA
Texas,NA,1705 JACKSON ST,NA
Texas,NA,1100 HWY 1807,NA
Texas,NA,2893 STATE HWY 6,NA
Texas,NA,2665 PRISON RD #1,NA
Texas,NA,1000 S. BECKHAM AVE.,NA
Texas,NA,2004 LAMESA HWY,NA
Texas,NA,2004 LAMESA HIGHWAY,NA
Texas,NA,1500 HOUSTON ST.,NA
Texas,NA,6801 EMMETT F. LOWERY EXPY,NA
Texas,NA,1705 JACKSON ST.,NA
Texas,NA,1900 PINE,NA
Texas,NA,2101 PEASE STREET,NA
Texas,NA,1401 ST. JOSEPH PKWY,NA
Texas,NA,1936 HWY 36 BYPASS,NA
Texas,NA,400 HIGHWAY 86 WEST,NA
Texas,NA,387 WEST I-10,NA
Texas,NA,1705 JACKSON,NA
Texas,NA,2900 LOOP 256,NA
Texas,NA,600 ELIZABETH STREET,NA
Texas,NA,I-1536 I-1O BL,NA
Texas,NA,6801 E. LOWERY EXPRESSWAY,NA
Texas,NA,6801 E. LOWRY EXPRESSWAY,NA
Texas,NA,59 DARRINGTONROAD,NA
Texas,NA,2665 PRISON ROAD # 1,NA
Texas,NA,6901 MEDICAL PARKWAY,NA
Texas,NA,2900 SOUTH LOOP 256,NA
Texas,NA,379 FM 372,NA
Texas,NA,705 EAST FELT STREET,NA
Texas,NA,901 EAST 5TH STREET,NA
Texas,NA,2401 SOUTH 31ST STREET,NA
Texas,NA,P.O. BOX 4003,NA
Texas,NA,600 N. HENDERSON,NA
Texas,NA,10950 BEAUMONT HIGHWAY,NA
Texas,NA,P.O. BOX 48 SUB STATION I,NA
Texas,NA,P.O. BOX 48 SUB STATION 1,NA
Texas,NA,P.O. BOX 9200,NA
Texas,NA,222 LAKE ROAD,NA
Texas,NA,301 UNIVERSITY DRIVE,NA
Texas,NA,RT. 1 BOX 150,NA
Texas,NA,757 HEINTZELMAN STREET,NA
Texas,NA,P.O. BOX 999,NA
Texas,NA,BOX 9000,NA
Texas,NA,NOT GIVEN,NA
Texas,NA,FM 2054,NA
Texas,NA,P.O. BOX 9000,NA
Texas,NA,110434 HWY 36,NA
Texas,NA,P.O. BOX 128,NA
Texas,NA,UNKNOWN,NA
Texas,NA,P.O. BOX 16,NA
Texas,NA,301 UNIVERSITY BLVD.,NA
Texas,NA,I-45 SOUTH,NA
Texas,NA,P.O. BOX 48,NA
Texas,NA,2004 LAMESA HWY.,NA
Texas,NA,RT. 4 BOX #1174,NA
Texas,NA,FM 2821,NA
Texas,NA,2020 AUGUST DR.,NA
Texas,NA,P.O. BOX 48 SUB STA #1,NA
Texas,NA,P.O. BOX 4500,NA
Texas,NA,601 E. 15TH ST.,NA
Texas,NA,10950 BEAUMONT HIGHTWAY,NA
Texas,NA,RICHMOND TX,NA
Texas,NA,2002 LAMESA HWY,NA
Texas,NA,"RT 1, BOX 150",NA
Texas,NA,RT 1 BOX 150,NA
Texas,NA,P O BOX,NA
Texas,NA,PO BOX 9000,NA
Texas,NA,PO BOX 16,NA
Texas,NA,PO BOX 4500,NA
Texas,NA,HARLEM RD,NA
Texas,NA,PO BOX 999,NA
Texas,NA,P>O. BOX 999,NA
Texas,NA,PO BOX 9200,NA
Texas,NA,"RT 3,BOX 22-100 HWY 87",NA
Texas,NA,P O BOX 999,NA
Texas,NA,PO BOX,NA
Texas,NA,PO BOX 128,NA
Texas,NA,P O BOX 16,NA
Texas,NA,6 MI. SOUTH ON FM 645,NA
Texas,NA,1018 ARNOLD DRIVE,NA
Texas,NA,HWY 2821,NA
Texas,NA,P O BOX 128,NA
Texas,NA,P O BOX 4500,NA
Texas,NA,970 CO RD AA,NA
Texas,NA,P O BOX 48 SUB STATION #1,NA
Texas,NA,P O BOX 9200,NA
Texas,NA,BEAUMONT HWY,NA
Texas,NA,HWY 75 S,NA
Texas,NA,10301 GATEWAY WEST,NA
Texas,NA,P O BOX 650051,NA
Texas,NA,P BOX 16,NA
Texas,NA,P O BOX 6400,NA
Texas,NA,1700 HORIZON BLVD,NA
Texas,NA,106 COMMERCE ST,NA
Texas,NA,PRMC 4000 S. L-256,NA
Texas,NA,PO BOX 650051,NA
Texas,NA,1501 S COULTER,NA
Texas,NA,P O BOX SUBSTATION # 1,NA
Texas,NA,899 N. STEMMONS,NA
Texas,NA,132 HOSPITAL DRIVE,NA
Texas,NA,1511 PRESTON,NA
Texas,NA,317 PROSPECT DRIVE,NA
Texas,NA,5301 HARRY HINES,NA
Texas,NA,"RT. 1, BOX 150",NA
Texas,NA,1507 WEST MAIN STREET,NA
Texas,NA,110 MEMORIAL HOSPITAL DRIVE,NA
Texas,NA,1602 ROCK PRAIRIE ROAD,NA
Texas,NA,2801 FRANCISCAN DRIVE,NA
Texas,NA,HUNTSVILLE,NA
Texas,NA,2401 SOUTH 31 ST,NA
Texas,NA,2501 DIMMITT RD,NA
Texas,NA,"PARKLAND HOSPITAL, 5201 HARRY HINES",NA
Texas,NA,1600 11TH ST,NA
Texas,NA,4700 BLUE MOUND,NA
Texas,NA,1717 HIGHWAY 59 BYPASS,NA
Texas,NA,3349 SOUTH STATE HWY 181,NA
Texas,NA,110 MEMORIAL DRIVE,NA
Texas,NA,302 COLEMAN,NA
Texas,NA,HUNTSVILLE 77349,NA
Texas,NA,13111 EAST FREEWAY,NA
Texas,NA,2401 SOUTH 31ST ST,NA
Texas,NA,HWY 98 SOUTH,NA
Texas,NA,2020 AUGUST ST,NA
Texas,NA,4000 10 STREET,NA
Texas,NA,322 COLEMAN,NA
Texas,NA,2200 N. BRYAN AVE,NA
Texas,NA,1600 N. MAIN,NA
Texas,NA,1700 COGDELL BLVD,NA
Texas,NA,1201 WEST FRANK,NA
Texas,NA,4000 NORTH 10TH ST,NA
Texas,NA,1000 SOUTH BECKHAM,NA
Texas,NA,JESTER RD,NA
Texas,NA,264 FM 980,NA
Texas,NA,899 N. STEMMONS FRWY,NA
Texas,NA,1001 PINE ST,NA
Texas,NA,LOOP 256,NA
Texas,NA,998 CR AA,NA
Texas,NA,RT 1,NA
Texas,NA,322 COLEMAN ST,NA
Texas,NA,EDINBURG REGIONAL HOSPITAL,NA
Texas,NA,1507 WEST MAIN ST,NA
Texas,NA,1411 DENVER,NA
Texas,NA,6411 FANNIN,NA
Texas,NA,110 MEMORIAL HOSPITAL DR,NA
Texas,NA,500 FM 45E,NA
Texas,NA,1100 LOOP 304 EAST,NA
Texas,NA,PO BOX 45 SUB STATION # 1,NA
Texas,NA,2105 JUDSON AVE,NA
Texas,NA,PARKLAND HOSPITAL,NA
Texas,NA,2495 GULF ST,NA
Texas,NA,1635 NORTH LOOP W.,NA
Texas,NA,1600 WALLACE BLVD,NA
Texas,NA,77020 FANNIN ST,NA
Texas,NA,601 15TH ST,NA
Texas,NA,1689 S. BUFFALO DRIVE,NA
Texas,NA,ONE CIRCLE DRIVE,NA
Texas,NA,3995 STATE HWY 90,NA
Texas,NA,1000 S. BEEKHAM,NA
Texas,NA,602 INDIANA AVE,NA
Texas,NA,1700 N. HORIZON BLVD,NA
Texas,NA,SOUTH AUSTIN MEDICAL CENTER,NA
Texas,NA,3080 COLLEGE ST,NA
Texas,NA,1507 W MAIN,NA
Texas,NA,1604 ROCK PRAIRIE RD,NA
Texas,NA,899 N. STEMMONS FWY,NA
Texas,NA,1501 WEST MAIN ST,NA
Texas,NA,H99 FM 632,NA
Texas,NA,100 SOUTH BECKHAM,NA
Texas,NA,2255 JIMMY JOHNSON BLVD,NA
Texas,NA,207 S. JUDSON ST,NA
Texas,NA,2200 N. BRYAN,NA
Texas,NA,301 TAUB LOOP,NA
Texas,NA,6411 FANNIN ST,NA
Texas,NA,HWY 75 SOUTH,NA
Texas,NA,210 S JUDSON,NA
Texas,NA,110 MEMORIAL DR,NA
Texas,NA,2401 S. 31ST,NA
Texas,NA,ST. LUKE HOSPITAL,NA
Texas,NA,1700 COGDELL BLVD.,NA
Texas,NA,3280 JOE BATTLE BLVD,NA
Texas,NA,132 EAST HOSPITAL DR,NA
Texas,NA,1000 S BECKHAM,NA
Texas,NA,3601 4TH ST,NA
Texas,NA,504 MEDICAL CENTER BLVD,NA
Texas,NA,169 LAKE PARK ROAD,NA
Texas,NA,110 MEDICAL DR,NA
Texas,NA,2401 S. 31ST STREET,NA
Texas,NA,1507 W. MAIN,NA
Texas,NA,3100 AVENUE E,NA
Texas,NA,CORYELL MEMORIAL HOSPITAL,NA
Texas,NA,5201 HARRY HINES BLVD.,NA
Texas,NA,ROUTE 1 BOX 150,NA
Texas,NA,300 ELIZABETH STREET,NA
Texas,NA,6801 EMMETT F. LOWRY EXPRESSWAY,NA
Texas,NA,6411 FANNIN STREET,NA
Texas,NA,3154 EAST HWY 71,NA
Texas,NA,1 MEDICAL PLAZA,NA
Texas,NA,2002 LAMESA HIGHWAY,NA
Texas,NA,5201 HARRY HINES BLVD,NA
Texas,NA,1960 N. HWY. 36,NA
Texas,NA,106 WEST COMMERCE STREET,NA
Texas,NA,6801 EMMETT F LOWRY EXPRESSWAY,NA
Texas,NA,10950 BEAUMONT HWY.,NA
Texas,NA,861-B I-45 N,NA
Texas,NA,3664 FM 2054,NA
Texas,NA,759 HEINTZELMAN RD,NA
Texas,NA,1511 PRESTON STREET,NA
Texas,NA,3500 WEST WEATLAND,NA
Texas,NA,602 INDIANA AVE.,NA
Texas,NA,DEL SOL HOSPITAL,NA
Texas,NA,899 N. STEMMONS FREEWAY,NA
Texas,NA,602 INDIANA,NA
Texas,NA,414 NAVARRO ST.,NA
Texas,NA,INTERSTATE-20 & FM 866,NA
Texas,NA,1018 ARNOLD DR.,NA
Texas,NA,2665 PRISON RD 1,NA
Texas,NA,1501 SOUTH COULTER,NA
Texas,NA,707 TOP ST.,NA
Texas,NA,100 PINE STREET,NA
Texas,NA,1000 PINE ST,NA
Texas,NA,601 INDIANA AVE,NA
Texas,NA,100 SOUTH BECKHAM STREET,NA
Texas,NA,6801 EMMETT F LOWERY EXPRESS,NA
Texas,NA,759 HEINTZELMAN ROAD,NA
Texas,NA,2550 N. ESPLANADE,NA
Texas,NA,3411 FANNIN ST,NA
