State,Year,Month,Circumstance.General,Circumstance.Specific,Total.Deaths
Washington,2000,January,NATURAL CAUSES,NA,NA
Washington,2000,January,NATURAL CAUSES,NA,NA
Washington,2000,January,NATURAL CAUSES,NA,NA
Washington,2000,January,NATURAL CAUSES,NA,NA
Washington,2000,February,NATURAL CAUSES,NA,NA
Washington,2000,February,NATURAL CAUSES,NA,NA
Washington,2000,February,NATURAL CAUSES,NA,NA
Washington,2000,February,NATURAL CAUSES,NA,NA
Washington,2000,March,NATURAL CAUSES,NA,NA
Washington,2000,March,ACCIDENTAL,NA,NA
Washington,2000,May,NATURAL CAUSES,NA,NA
Washington,2000,May,NATURAL CAUSES,NA,NA
Washington,2000,June,NATURAL CAUSES,NA,NA
Washington,2000,June,NATURAL CAUSES,NA,NA
Washington,2000,July,NATURAL CAUSES,NA,NA
Washington,2000,July,NATURAL CAUSES,NA,NA
Washington,2000,July,SUICIDE,NA,NA
Washington,2000,July,NATURAL CAUSES,NA,NA
Washington,2000,August,NATURAL CAUSES,NA,NA
Washington,2000,August,NATURAL CAUSES,NA,NA
Washington,2000,September,SUICIDE,NA,NA
Washington,2000,September,NATURAL CAUSES,NA,NA
Washington,2000,October,NATURAL CAUSES,NA,NA
Washington,2000,October,NATURAL CAUSES,NA,NA
Washington,2000,October,NATURAL CAUSES,NA,NA
Washington,2000,October,NATURAL CAUSES,NA,NA
Washington,2000,November,NATURAL CAUSES,NA,NA
Washington,2000,November,SUICIDE,NA,NA
Washington,2000,December,NATURAL CAUSES,NA,NA
Washington,2000,December,NATURAL CAUSES,NA,NA
Washington,2000,December,NATURAL CAUSES,NA,NA
Washington,2000,December,SUICIDE,NA,NA
Washington,2000,December,NATURAL CAUSES,NA,NA
Washington,2001,January,SUICIDE,NA,NA
Washington,2001,January,NATURAL CAUSES,NA,NA
Washington,2001,January,NATURAL CAUSES,NA,NA
Washington,2001,January,NATURAL CAUSES,NA,NA
Washington,2001,January,NATURAL CAUSES,NA,NA
Washington,2001,January,NATURAL CAUSES,NA,NA
Washington,2001,March,NATURAL CAUSES,NA,NA
Washington,2001,March,NATURAL CAUSES,NA,NA
Washington,2001,April,NATURAL CAUSES,NA,NA
Washington,2001,May,ACCIDENTAL,NA,NA
Washington,2001,May,NATURAL CAUSES,NA,NA
Washington,2001,May,NATURAL CAUSES,NA,NA
Washington,2001,June,JUSTIFIABLE HOMICIDE,NA,NA
Washington,2001,June,NATURAL CAUSES,NA,NA
Washington,2001,June,NATURAL CAUSES,NA,NA
Washington,2001,June,NATURAL CAUSES,NA,NA
Washington,2001,June,NATURAL CAUSES,NA,NA
Washington,2001,July,NATURAL CAUSES,NA,NA
Washington,2001,July,SUICIDE,NA,NA
Washington,2001,July,NATURAL CAUSES,NA,NA
Washington,2001,July,NATURAL CAUSES,NA,NA
Washington,2001,August,NATURAL CAUSES,NA,NA
Washington,2001,August,NATURAL CAUSES,NA,NA
Washington,2001,August,NATURAL CAUSES,NA,NA
Washington,2001,August,NATURAL CAUSES,NA,NA
Washington,2001,August,LETHAL INJECTION,NA,NA
Washington,2001,September,NATURAL CAUSES,NA,NA
Washington,2001,October,SUICIDE,NA,NA
Washington,2001,November,NATURAL CAUSES,NA,NA
Washington,2001,November,NATURAL CAUSES,NA,NA
Washington,2001,December,NATURAL CAUSES,NA,NA
Washington,2001,December,NATURAL CAUSES,NA,NA
Washington,2001,December,NATURAL CAUSES,NA,NA
Washington,2001,December,NATURAL CAUSES,NA,NA
Washington,2001,December,NATURAL CAUSES,NA,NA
Washington,2002,January,NATURAL CAUSES,NA,NA
Washington,2002,January,NATURAL CAUSES,NA,NA
Washington,2002,January,NATURAL CAUSES,NA,NA
Washington,2002,January,NATURAL CAUSES,NA,NA
Washington,2002,January,JUSTIFIABLE HOMICIDE,NA,NA
Washington,2002,February,NATURAL CAUSES,NA,NA
Washington,2002,February,NATURAL CAUSES,NA,NA
Washington,2002,February,NATURAL CAUSES,NA,NA
Washington,2002,March,NATURAL CAUSES,NA,NA
Washington,2002,March,NATURAL CAUSES,NA,NA
Washington,2002,March,NATURAL CAUSES,NA,NA
Washington,2002,April,NATURAL CAUSES,NA,NA
Washington,2002,April,NATURAL CAUSES,NA,NA
Washington,2002,May,NATURAL CAUSES,NA,NA
Washington,2002,May,NATURAL CAUSES,NA,NA
Washington,2002,May,NATURAL CAUSES,NA,NA
Washington,2002,May,NATURAL CAUSES,NA,NA
Washington,2002,May,SUICIDE,NA,NA
Washington,2002,June,NATURAL CAUSES,NA,NA
Washington,2002,June,NATURAL CAUSES,NA,NA
Washington,2002,June,NATURAL CAUSES,NA,NA
Washington,2002,June,SUICIDE,NA,NA
Washington,2002,June,NATURAL CAUSES,NA,NA
Washington,2002,June,NATURAL CAUSES,NA,NA
Washington,2002,September,NATURAL CAUSES,NA,NA
Washington,2002,October,NATURAL CAUSES,NA,NA
Washington,2002,October,NATURAL CAUSES,NA,NA
Washington,2002,November,NATURAL CAUSES,NA,NA
Washington,2002,November,NATURAL CAUSES,NA,NA
Washington,2002,November,JUSTIFIABLE HOMICIDE,NA,NA
Washington,2003,January,NATURAL CAUSES,NA,NA
Washington,2003,January,NATURAL CAUSES,NA,NA
Washington,2003,February,NATURAL CAUSES,NA,NA
Washington,2003,February,NATURAL CAUSES,NA,NA
Washington,2003,March,NATURAL CAUSES,NA,NA
Washington,2003,April,NATURAL CAUSES,NA,NA
Washington,2003,April,NATURAL CAUSES,NA,NA
Washington,2003,April,SUICIDE,NA,NA
Washington,2003,May,NATURAL CAUSES,NA,NA
Washington,2003,May,NATURAL CAUSES,NA,NA
Washington,2003,May,SUICIDE,NA,NA
Washington,2003,May,NATURAL CAUSES,NA,NA
Washington,2003,June,NATURAL CAUSES,NA,NA
Washington,2003,June,NATURAL CAUSES,NA,NA
Washington,2003,July,NATURAL CAUSES,NA,NA
Washington,2003,July,NATURAL CAUSES,NA,NA
Washington,2003,August,NATURAL CAUSES,NA,NA
Washington,2003,August,NATURAL CAUSES,NA,NA
Washington,2003,August,JUSTIFIABLE HOMICIDE,NA,NA
Washington,2003,September,NATURAL CAUSES,NA,NA
Washington,2003,September,NATURAL CAUSES,NA,NA
Washington,2003,September,NATURAL CAUSES,NA,NA
Washington,2003,October,NATURAL CAUSES,NA,NA
Washington,2003,October,NATURAL CAUSES,NA,NA
Washington,2003,October,NATURAL CAUSES,NA,NA
Washington,2003,October,NATURAL CAUSES,NA,NA
Washington,2003,October,NATURAL CAUSES,NA,NA
Washington,2003,November,NATURAL CAUSES,NA,NA
Washington,2003,November,NATURAL CAUSES,NA,NA
Washington,2003,December,NATURAL CAUSES,NA,NA
Washington,2003,December,NATURAL CAUSES,NA,NA
Washington,2003,December,NATURAL CAUSES,NA,NA
Washington,2003,December,NATURAL CAUSES,NA,NA
Washington,2003,December,NATURAL CAUSES,NA,NA
Washington,2004,January,NATURAL CAUSES,NA,NA
Washington,2004,January,NATURAL CAUSES,NA,NA
Washington,2004,January,NATURAL CAUSES,NA,NA
Washington,2004,January,NATURAL CAUSES,NA,NA
Washington,2004,January,NATURAL CAUSES,NA,NA
Washington,2004,January,NATURAL CAUSES,NA,NA
Washington,2004,January,NATURAL CAUSES,NA,NA
Washington,2004,January,NATURAL CAUSES,NA,NA
Washington,2004,January,NATURAL CAUSES,NA,NA
Washington,2004,February,NATURAL CAUSES,NA,NA
Washington,2004,February,NATURAL CAUSES,NA,NA
Washington,2004,February,NATURAL CAUSES,NA,NA
Washington,2004,March,NATURAL CAUSES,NA,NA
Washington,2004,April,NATURAL CAUSES,NA,NA
Washington,2004,May,NATURAL CAUSES,NA,NA
Washington,2004,May,NATURAL CAUSES,NA,NA
Washington,2004,May,NATURAL CAUSES,NA,NA
Washington,2004,May,NATURAL CAUSES,NA,NA
Washington,2004,June,NATURAL CAUSES,NA,NA
Washington,2004,July,NATURAL CAUSES,NA,NA
Washington,2004,July,NATURAL CAUSES,NA,NA
Washington,2004,August,NATURAL CAUSES,NA,NA
Washington,2004,September,NATURAL CAUSES,NA,NA
Washington,2004,September,NATURAL CAUSES,NA,NA
Washington,2004,September,NATURAL CAUSES,NA,NA
Washington,2004,October,SUICIDE,NA,NA
Washington,2004,October,NATURAL CAUSES,NA,NA
Washington,2004,October,NATURAL CAUSES,NA,NA
Washington,2004,October,NATURAL CAUSES,NA,NA
Washington,2004,November,SUICIDE,NA,NA
Washington,2004,November,NATURAL CAUSES,NA,NA
Washington,2004,November,SUICIDE,NA,NA
Washington,2004,November,NATURAL CAUSES,NA,NA
Washington,2004,December,NATURAL CAUSES,NA,NA
Washington,2004,December,SUICIDE,NA,NA
Washington,2004,December,NATURAL CAUSES,NA,NA
Washington,2004,December,NATURAL CAUSES,NA,NA
Washington,2004,December,SUICIDE,NA,NA
Washington,2004,December,NATURAL CAUSES,NA,NA
Washington,2005,January,NATURAL CAUSES,NA,NA
Washington,2005,February,NATURAL CAUSES,NA,NA
Washington,2005,February,NATURAL CAUSES,NA,NA
Washington,2005,February,NATURAL CAUSES,NA,NA
Washington,2005,February,NATURAL CAUSES,NA,NA
Washington,2005,February,NATURAL CAUSES,NA,NA
Washington,2005,February,NATURAL CAUSES,NA,NA
Washington,2005,February,NATURAL CAUSES,NA,NA
Washington,2005,March,NATURAL CAUSES,NA,NA
Washington,2005,April,NATURAL CAUSES,NA,NA
Washington,2005,April,NATURAL CAUSES,NA,NA
Washington,2005,April,NATURAL CAUSES,NA,NA
Washington,2005,May,NATURAL CAUSES,NA,NA
Washington,2005,May,NATURAL CAUSES,NA,NA
Washington,2005,May,NATURAL CAUSES,NA,NA
Washington,2005,May,SUICIDE,NA,NA
Washington,2005,May,NATURAL CAUSES,NA,NA
Washington,2005,May,NATURAL CAUSES,NA,NA
Washington,2005,June,NATURAL CAUSES,NA,NA
Washington,2005,June,NATURAL CAUSES,NA,NA
Washington,2005,June,SUICIDE,NA,NA
Washington,2005,June,NATURAL CAUSES,NA,NA
Washington,2005,June,NATURAL CAUSES,NA,NA
Washington,2005,July,NATURAL CAUSES,NA,NA
Washington,2005,July,NATURAL CAUSES,NA,NA
Washington,2005,July,NATURAL CAUSES,NA,NA
Washington,2005,July,NATURAL CAUSES,NA,NA
Washington,2005,July,NATURAL CAUSES,NA,NA
Washington,2005,August,NATURAL CAUSES,NA,NA
Washington,2005,August,NATURAL CAUSES,NA,NA
Washington,2005,August,NATURAL CAUSES,NA,NA
Washington,2005,September,NATURAL CAUSES,NA,NA
Washington,2005,September,NATURAL CAUSES,NA,NA
Washington,2005,October,NATURAL CAUSES,NA,NA
Washington,2005,October,NATURAL CAUSES,NA,NA
Washington,2005,October,NATURAL CAUSES,NA,NA
Washington,2005,October,NATURAL CAUSES,NA,NA
Washington,2005,October,NATURAL CAUSES,NA,NA
Washington,2005,October,NATURAL CAUSES,NA,NA
Washington,2005,October,NATURAL CAUSES,NA,NA
Washington,2005,October,NATURAL CAUSES,NA,NA
Washington,2005,November,NATURAL CAUSES,NA,NA
Washington,2005,November,NATURAL CAUSES,NA,NA
Washington,2005,November,NATURAL CAUSES,NA,NA
Washington,2005,November,NATURAL CAUSES,NA,NA
Washington,2005,December,NATURAL CAUSES,NA,NA
Washington,2005,December,NATURAL CAUSES,NA,NA
Washington,2005,December,NATURAL CAUSES,NA,NA
Washington,2005,December,NATURAL CAUSES,NA,NA
Washington,2006,January,NATURAL CAUSES,NA,NA
Washington,2006,January,NATURAL CAUSES,NA,NA
Washington,2006,January,NATURAL CAUSES,NA,NA
Washington,2006,January,NATURAL CAUSES,NA,NA
Washington,2006,February,NATURAL CAUSES,NA,NA
Washington,2006,February,NATURAL CAUSES,NA,NA
Washington,2006,February,NATURAL CAUSES,NA,NA
Washington,2006,February,NATURAL CAUSES,NA,NA
Washington,2006,February,NATURAL CAUSES,NA,NA
Washington,2006,March,NATURAL CAUSES,NA,NA
Washington,2006,April,NATURAL CAUSES,NA,NA
Washington,2006,April,NATURAL CAUSES,NA,NA
Washington,2006,April,NATURAL CAUSES,NA,NA
Washington,2006,June,NATURAL CAUSES,NA,NA
Washington,2006,June,NATURAL CAUSES,NA,NA
Washington,2006,June,NATURAL CAUSES,NA,NA
Washington,2006,July,NATURAL CAUSES,NA,NA
Washington,2006,July,NATURAL CAUSES,NA,NA
Washington,2006,July,NATURAL CAUSES,NA,NA
Washington,2006,July,NATURAL CAUSES,NA,NA
Washington,2006,September,NATURAL CAUSES,NA,NA
Washington,2006,September,NATURAL CAUSES,NA,NA
Washington,2006,September,NATURAL CAUSES,NA,NA
Washington,2006,October,NATURAL CAUSES,NA,NA
Washington,2006,October,NATURAL CAUSES,NA,NA
Washington,2006,November,NATURAL CAUSES,NA,NA
Washington,2006,November,NATURAL CAUSES,NA,NA
Washington,2006,November,NATURAL CAUSES,NA,NA
Washington,2006,November,NATURAL CAUSES,NA,NA
Washington,2006,November,NATURAL CAUSES,NA,NA
Washington,2006,November,MURDERED,NA,NA
Washington,2006,November,ACCIDENTAL,NA,NA
Washington,2006,November,NATURAL CAUSES,NA,NA
Washington,2006,November,NATURAL CAUSES,NA,NA
Washington,2006,December,NATURAL CAUSES,NA,NA
Washington,2006,December,NATURAL CAUSES,NA,NA
Washington,2007,January,NATURAL CAUSES,NA,NA
Washington,2007,January,NATURAL CAUSES,NA,NA
Washington,2007,January,NATURAL CAUSES,NA,NA
Washington,2007,February,NATURAL CAUSES,NA,NA
Washington,2007,February,NATURAL CAUSES,NA,NA
Washington,2007,February,NATURAL CAUSES,NA,NA
Washington,2007,March,NATURAL CAUSES,NA,NA
Washington,2007,March,ACCIDENTAL,NA,NA
Washington,2007,March,NATURAL CAUSES,NA,NA
Washington,2007,March,NATURAL CAUSES,NA,NA
Washington,2007,April,NATURAL CAUSES,NA,NA
Washington,2007,April,SUICIDE,NA,NA
Washington,2007,April,NATURAL CAUSES,NA,NA
Washington,2007,April,NATURAL CAUSES,NA,NA
Washington,2007,May,NATURAL CAUSES,NA,NA
Washington,2007,June,NATURAL CAUSES,NA,NA
Washington,2007,July,NATURAL CAUSES,NA,NA
Washington,2007,July,NATURAL CAUSES,NA,NA
Washington,2007,July,NATURAL CAUSES,NA,NA
Washington,2007,July,NATURAL CAUSES,NA,NA
Washington,2007,July,NATURAL CAUSES,NA,NA
Washington,2007,July,NATURAL CAUSES,NA,NA
Washington,2007,July,NATURAL CAUSES,NA,NA
Washington,2007,July,NATURAL CAUSES,NA,NA
Washington,2007,July,NATURAL CAUSES,NA,NA
Washington,2007,July,NATURAL CAUSES,NA,NA
Washington,2007,August,NATURAL CAUSES,NA,NA
Washington,2007,August,NATURAL CAUSES,NA,NA
Washington,2007,August,NATURAL CAUSES,NA,NA
Washington,2007,September,NATURAL CAUSES,NA,NA
Washington,2007,September,NATURAL CAUSES,NA,NA
Washington,2007,September,NATURAL CAUSES,NA,NA
Washington,2007,September,NATURAL CAUSES,NA,NA
Washington,2007,October,NATURAL CAUSES,NA,NA
Washington,2007,October,SUICIDE,NA,NA
Washington,2007,October,NATURAL CAUSES,NA,NA
Washington,2007,October,SUICIDE,NA,NA
Washington,2007,November,NATURAL CAUSES,NA,NA
Washington,2007,December,NATURAL CAUSES,NA,NA
Washington,2007,December,NATURAL CAUSES,NA,NA
Washington,2008,January,NATURAL CAUSES,NA,NA
Washington,2008,January,NATURAL CAUSES,NA,NA
Washington,2008,January,SUICIDE,NA,NA
Washington,2008,January,NATURAL CAUSES,NA,NA
Washington,2008,January,NATURAL CAUSES,NA,NA
Washington,2008,February,SUICIDE,NA,NA
Washington,2008,February,NATURAL CAUSES,NA,NA
Washington,2008,February,NATURAL CAUSES,NA,NA
Washington,2008,February,ACCIDENTAL,NA,NA
Washington,2008,February,NATURAL CAUSES,NA,NA
Washington,2008,March,NATURAL CAUSES,NA,NA
Washington,2008,March,NATURAL CAUSES,NA,NA
Washington,2008,March,NATURAL CAUSES,NA,NA
Washington,2008,April,NATURAL CAUSES,NA,NA
Washington,2008,April,NATURAL CAUSES,NA,NA
Washington,2008,April,NATURAL CAUSES,NA,NA
Washington,2008,April,SUICIDE,NA,NA
Washington,2008,May,NATURAL CAUSES,NA,NA
Washington,2008,June,NATURAL CAUSES,NA,NA
Washington,2008,June,NATURAL CAUSES,NA,NA
Washington,2008,June,NATURAL CAUSES,NA,NA
Washington,2008,July,NATURAL CAUSES,NA,NA
Washington,2008,July,NATURAL CAUSES,NA,NA
Washington,2008,July,NATURAL CAUSES,NA,NA
Washington,2008,July,SUICIDE,NA,NA
Washington,2008,August,NATURAL CAUSES,NA,NA
Washington,2008,August,NATURAL CAUSES,NA,NA
Washington,2008,August,NATURAL CAUSES,NA,NA
Washington,2008,August,NATURAL CAUSES,NA,NA
Washington,2008,September,NATURAL CAUSES,NA,NA
Washington,2008,October,NATURAL CAUSES,NA,NA
Washington,2008,October,NATURAL CAUSES,NA,NA
Washington,2008,October,NATURAL CAUSES,NA,NA
Washington,2008,October,NATURAL CAUSES,NA,NA
Washington,2008,October,SUICIDE,NA,NA
Washington,2008,November,NATURAL CAUSES,NA,NA
Washington,2008,November,NATURAL CAUSES,NA,NA
Washington,2008,November,NATURAL CAUSES,NA,NA
Washington,2008,November,NATURAL CAUSES,NA,NA
Washington,2009,January,NATURAL CAUSES,NA,NA
Washington,2009,January,NATURAL CAUSES,NA,NA
Washington,2009,January,NATURAL CAUSES,NA,NA
Washington,2009,February,SUICIDE,NA,NA
Washington,2009,March,NATURAL CAUSES,NA,NA
Washington,2009,March,NATURAL CAUSES,NA,NA
Washington,2009,March,NATURAL CAUSES,NA,NA
Washington,2009,March,NATURAL CAUSES,NA,NA
Washington,2009,March,NATURAL CAUSES,NA,NA
Washington,2009,March,NATURAL CAUSES,NA,NA
Washington,2009,April,NATURAL CAUSES,NA,NA
Washington,2009,April,NATURAL CAUSES,NA,NA
Washington,2009,April,NATURAL CAUSES,NA,NA
Washington,2009,May,NATURAL CAUSES,NA,NA
Washington,2009,May,NATURAL CAUSES,NA,NA
Washington,2009,May,SUICIDE,NA,NA
Washington,2009,June,NATURAL CAUSES,NA,NA
Washington,2009,June,NATURAL CAUSES,NA,NA
Washington,2009,June,NATURAL CAUSES,NA,NA
Washington,2009,July,NATURAL CAUSES,NA,NA
Washington,2009,July,NATURAL CAUSES,NA,NA
Washington,2009,August,NATURAL CAUSES,NA,NA
Washington,2009,August,NATURAL CAUSES,NA,NA
Washington,2009,August,NATURAL CAUSES,NA,NA
Washington,2009,August,NATURAL CAUSES,NA,NA
Washington,2009,August,NATURAL CAUSES,NA,NA
Washington,2009,August,NATURAL CAUSES,NA,NA
Washington,2009,August,NATURAL CAUSES,NA,NA
Washington,2009,August,NATURAL CAUSES,NA,NA
Washington,2009,September,NATURAL CAUSES,NA,NA
Washington,2009,September,NATURAL CAUSES,NA,NA
Washington,2009,September,NATURAL CAUSES,NA,NA
Washington,2009,September,NATURAL CAUSES,NA,NA
Washington,2009,September,NATURAL CAUSES,NA,NA
Washington,2009,October,NATURAL CAUSES,NA,NA
Washington,2009,October,NATURAL CAUSES,NA,NA
Washington,2009,October,NATURAL CAUSES,NA,NA
Washington,2009,October,NATURAL CAUSES,NA,NA
Washington,2009,October,NATURAL CAUSES,NA,NA
Washington,2009,October,NATURAL CAUSES,NA,NA
Washington,2009,November,NATURAL CAUSES,NA,NA
Washington,2009,November,NATURAL CAUSES,NA,NA
Washington,2009,November,NATURAL CAUSES,NA,NA
Washington,2009,November,NATURAL CAUSES,NA,NA
Washington,2009,November,NATURAL CAUSES,NA,NA
Washington,2009,December,NATURAL CAUSES,NA,NA
Washington,2009,December,SUICIDE,NA,NA
Washington,2009,December,NATURAL CAUSES,NA,NA
Washington,2009,December,NATURAL CAUSES,NA,NA
Washington,2009,December,SUICIDE,NA,NA
Washington,2010,January,NATURAL CAUSES,NA,NA
Washington,2010,February,NATURAL CAUSES,NA,NA
Washington,2010,February,NATURAL CAUSES,NA,NA
Washington,2010,February,NATURAL CAUSES,NA,NA
Washington,2010,February,NATURAL CAUSES,NA,NA
Washington,2010,March,NATURAL CAUSES,NA,NA
Washington,2010,March,NATURAL CAUSES,NA,NA
Washington,2010,March,NATURAL CAUSES,NA,NA
Washington,2010,April,NATURAL CAUSES,NA,NA
Washington,2010,April,NATURAL CAUSES,NA,NA
Washington,2010,April,NATURAL CAUSES,NA,NA
Washington,2010,April,NATURAL CAUSES,NA,NA
Washington,2010,April,NATURAL CAUSES,NA,NA
Washington,2010,April,NATURAL CAUSES,NA,NA
Washington,2010,May,NATURAL CAUSES,NA,NA
Washington,2010,May,NATURAL CAUSES,NA,NA
Washington,2010,May,NATURAL CAUSES,NA,NA
Washington,2010,May,NATURAL CAUSES,NA,NA
Washington,2010,June,NATURAL CAUSES,NA,NA
Washington,2010,June,NATURAL CAUSES,NA,NA
Washington,2010,June,NATURAL CAUSES,NA,NA
Washington,2010,June,NATURAL CAUSES,NA,NA
Washington,2010,June,NATURAL CAUSES,NA,NA
Washington,2010,July,NATURAL CAUSES,NA,NA
Washington,2010,July,NATURAL CAUSES,NA,NA
Washington,2010,July,NATURAL CAUSES,NA,NA
Washington,2010,July,NATURAL CAUSES,NA,NA
Washington,2010,August,NATURAL CAUSES,NA,NA
Washington,2010,August,NATURAL CAUSES,NA,NA
Washington,2010,August,NATURAL CAUSES,NA,NA
Washington,2010,August,NATURAL CAUSES,NA,NA
Washington,2010,September,SUICIDE,NA,NA
Washington,2010,September,LETHAL INJECTION,NA,NA
Washington,2010,September,NATURAL CAUSES,NA,NA
Washington,2010,September,NATURAL CAUSES,NA,NA
Washington,2010,October,NATURAL CAUSES,NA,NA
Washington,2010,October,NATURAL CAUSES,NA,NA
Washington,2010,October,NATURAL CAUSES,NA,NA
Washington,2010,November,NATURAL CAUSES,NA,NA
Washington,2010,November,NATURAL CAUSES,NA,NA
Washington,2010,December,NATURAL CAUSES,NA,NA
Washington,2011,January,NATURAL CAUSES,NA,NA
Washington,2011,January,NATURAL CAUSES,NA,NA
Washington,2011,January,NATURAL CAUSES,NA,NA
Washington,2011,January,NATURAL CAUSES,NA,NA
Washington,2011,February,NATURAL CAUSES,NA,NA
Washington,2011,February,NATURAL CAUSES,NA,NA
Washington,2011,March,NATURAL CAUSES,NA,NA
Washington,2011,March,NATURAL CAUSES,NA,NA
Washington,2011,April,NATURAL CAUSES,NA,NA
Washington,2011,April,NATURAL CAUSES,NA,NA
Washington,2011,May,NATURAL CAUSES,NA,NA
Washington,2011,May,NATURAL CAUSES,NA,NA
Washington,2011,May,SUICIDE,NA,NA
Washington,2011,May,NATURAL CAUSES,NA,NA
Washington,2011,June,NATURAL CAUSES,NA,NA
Washington,2011,June,JUSTIFIABLE HOMICIDE,NA,NA
Washington,2011,July,NATURAL CAUSES,NA,NA
Washington,2011,July,NATURAL CAUSES,NA,NA
Washington,2011,July,SUICIDE,NA,NA
Washington,2011,August,NATURAL CAUSES,NA,NA
Washington,2011,August,NATURAL CAUSES,NA,NA
Washington,2011,August,NATURAL CAUSES,NA,NA
Washington,2011,September,NATURAL CAUSES,NA,NA
Washington,2011,October,NATURAL CAUSES,NA,NA
Washington,2011,October,NATURAL CAUSES,NA,NA
Washington,2011,November,NATURAL CAUSES,NA,NA
Washington,2011,November,NATURAL CAUSES,NA,NA
Washington,2011,November,NATURAL CAUSES,NA,NA
Washington,2011,December,NATURAL CAUSES,NA,NA
Washington,2011,December,NATURAL CAUSES,NA,NA
Washington,2012,January,NATURAL CAUSES,NA,NA
Washington,2012,January,NATURAL CAUSES,NA,NA
Washington,2012,January,NATURAL CAUSES,NA,NA
Washington,2012,February,NATURAL CAUSES,NA,NA
Washington,2012,February,NATURAL CAUSES,NA,NA
Washington,2012,February,NATURAL CAUSES,NA,NA
Washington,2012,February,NATURAL CAUSES,NA,NA
Washington,2012,March,NATURAL CAUSES,NA,NA
Washington,2012,March,NATURAL CAUSES,NA,NA
Washington,2012,March,SUICIDE,NA,NA
Washington,2012,April,NATURAL CAUSES,NA,NA
Washington,2012,April,NATURAL CAUSES,NA,NA
Washington,2012,April,NATURAL CAUSES,NA,NA
Washington,2012,May,NATURAL CAUSES,NA,NA
Washington,2012,May,SUICIDE,NA,NA
Washington,2012,July,NATURAL CAUSES,NA,NA
Washington,2012,July,NATURAL CAUSES,NA,NA
Washington,2012,July,NATURAL CAUSES,NA,NA
Washington,2012,July,NATURAL CAUSES,NA,NA
Washington,2012,July,ACCIDENTAL,NA,NA
Washington,2012,July,NATURAL CAUSES,NA,NA
Washington,2012,August,NATURAL CAUSES,NA,NA
Washington,2012,August,NATURAL CAUSES,NA,NA
Washington,2012,August,NATURAL CAUSES,NA,NA
Washington,2012,August,NATURAL CAUSES,NA,NA
Washington,2012,August,NATURAL CAUSES,NA,NA
Washington,2012,October,NATURAL CAUSES,NA,NA
Washington,2012,October,NATURAL CAUSES,NA,NA
Washington,2012,October,NATURAL CAUSES,NA,NA
Washington,2012,October,NATURAL CAUSES,NA,NA
Washington,2012,October,ACCIDENTAL,NA,NA
Washington,2012,October,MURDERED,NA,NA
Washington,2012,October,NATURAL CAUSES,NA,NA
Washington,2012,November,NATURAL CAUSES,NA,NA
Washington,2012,December,NATURAL CAUSES,NA,NA
Washington,2012,December,NATURAL CAUSES,NA,NA
Washington,2012,December,NATURAL CAUSES,NA,NA
Washington,2012,December,NATURAL CAUSES,NA,NA
Washington,2013,January,NATURAL CAUSES,NA,NA
Washington,2013,January,NATURAL CAUSES,NA,NA
Washington,2013,January,SUICIDE,NA,NA
Washington,2013,January,NATURAL CAUSES,NA,NA
Washington,2013,January,NATURAL CAUSES,NA,NA
Washington,2013,February,NATURAL CAUSES,NA,NA
Washington,2013,February,NATURAL CAUSES,NA,NA
Washington,2013,February,NATURAL CAUSES,NA,NA
Washington,2013,February,NATURAL CAUSES,NA,NA
Washington,2013,March,NATURAL CAUSES,NA,NA
Washington,2013,March,NATURAL CAUSES,NA,NA
Washington,2013,March,NATURAL CAUSES,NA,NA
Washington,2013,March,NATURAL CAUSES,NA,NA
Washington,2013,March,NATURAL CAUSES,NA,NA
Washington,2013,March,NATURAL CAUSES,NA,NA
Washington,2013,April,NATURAL CAUSES,NA,NA
Washington,2013,April,NATURAL CAUSES,NA,NA
Washington,2013,April,NATURAL CAUSES,NA,NA
Washington,2013,April,NATURAL CAUSES,NA,NA
Washington,2013,May,NATURAL CAUSES,NA,NA
Washington,2013,May,NATURAL CAUSES,NA,NA
Washington,2013,June,NATURAL CAUSES,NA,NA
Washington,2013,June,NATURAL CAUSES,NA,NA
Washington,2013,June,NATURAL CAUSES,NA,NA
Washington,2013,June,NATURAL CAUSES,NA,NA
Washington,2013,June,NATURAL CAUSES,NA,NA
Washington,2013,June,NATURAL CAUSES,NA,NA
Washington,2013,June,NATURAL CAUSES,NA,NA
Washington,2013,June,NATURAL CAUSES,NA,NA
Washington,2013,July,SUICIDE,NA,NA
Washington,2013,August,NATURAL CAUSES,NA,NA
Washington,2013,August,NATURAL CAUSES,NA,NA
Washington,2013,August,SUICIDE,NA,NA
Washington,2013,September,NATURAL CAUSES,NA,NA
Washington,2013,September,NATURAL CAUSES,NA,NA
Washington,2013,September,NATURAL CAUSES,NA,NA
Washington,2013,September,NATURAL CAUSES,NA,NA
Washington,2013,October,NATURAL CAUSES,NA,NA
Washington,2013,October,ACCIDENTAL,NA,NA
Washington,2013,October,NATURAL CAUSES,NA,NA
Washington,2013,November,NATURAL CAUSES,NA,NA
Washington,2013,November,NATURAL CAUSES,NA,NA
Washington,2013,December,NATURAL CAUSES,NA,NA
Washington,2014,January,NATURAL CAUSES,NA,NA
Washington,2014,January,NATURAL CAUSES,NA,NA
Washington,2014,January,SUICIDE,NA,NA
Washington,2014,January,NATURAL CAUSES,NA,NA
Washington,2014,February,NATURAL CAUSES,NA,NA
Washington,2014,March,NATURAL CAUSES,NA,NA
Washington,2014,March,NATURAL CAUSES,NA,NA
Washington,2014,March,NATURAL CAUSES,NA,NA
Washington,2014,March,NATURAL CAUSES,NA,NA
Washington,2014,March,NATURAL CAUSES,NA,NA
Washington,2014,March,NATURAL CAUSES,NA,NA
Washington,2014,April,SUICIDE,NA,NA
Washington,2014,April,NATURAL CAUSES,NA,NA
Washington,2014,May,NATURAL CAUSES,NA,NA
Washington,2014,May,NATURAL CAUSES,NA,NA
Washington,2014,May,NATURAL CAUSES,NA,NA
Washington,2014,May,SUICIDE,NA,NA
Washington,2014,June,NATURAL CAUSES,NA,NA
Washington,2014,June,NATURAL CAUSES,NA,NA
Washington,2014,July,NATURAL CAUSES,NA,NA
Washington,2014,July,SUICIDE,NA,NA
Washington,2014,July,NATURAL CAUSES,NA,NA
Washington,2014,July,NATURAL CAUSES,NA,NA
Washington,2014,August,NATURAL CAUSES,NA,NA
Washington,2014,August,NATURAL CAUSES,NA,NA
Washington,2014,August,SUICIDE,NA,NA
Washington,2014,August,NATURAL CAUSES,NA,NA
Washington,2014,September,NATURAL CAUSES,NA,NA
Washington,2014,September,NATURAL CAUSES,NA,NA
Washington,2014,September,NATURAL CAUSES,NA,NA
Washington,2014,September,NATURAL CAUSES,NA,NA
Washington,2014,October,NATURAL CAUSES,NA,NA
Washington,2014,October,NATURAL CAUSES,NA,NA
Washington,2014,October,NATURAL CAUSES,NA,NA
Washington,2014,October,SUICIDE,NA,NA
Washington,2014,October,NATURAL CAUSES,NA,NA
Washington,2014,October,NATURAL CAUSES,NA,NA
Washington,2014,October,NATURAL CAUSES,NA,NA
Washington,2014,October,NATURAL CAUSES,NA,NA
Washington,2014,November,NATURAL CAUSES,NA,NA
Washington,2014,November,NATURAL CAUSES,NA,NA
Washington,2014,November,NATURAL CAUSES,NA,NA
Washington,2014,November,NATURAL CAUSES,NA,NA
Washington,2014,November,NATURAL CAUSES,NA,NA
Washington,2014,November,NATURAL CAUSES,NA,NA
Washington,2014,November,SUICIDE,NA,NA
Washington,2014,November,ACCIDENTAL,NA,NA
Washington,2014,December,NATURAL CAUSES,NA,NA
Washington,2015,April,NATURAL CAUSES,multi organ failure,1
Washington,2015,April,NATURAL CAUSES,terminal metastatic lung cancer,1
Washington,2015,August,NATURAL CAUSES,"Hemorrhage, gastronintestina",1
Washington,2015,August,NATURAL CAUSES,Unknown,1
Washington,2015,December,NATURAL CAUSES,Cerebrovascular diseases (stroke),1
Washington,2015,December,NATURAL CAUSES,Diseases of the Heart (Heart Disease),1
Washington,2015,December,NATURAL CAUSES,Malignant neoplasms (cancer),2
Washington,2015,December,NATURAL CAUSES,Unknown,1
Washington,2015,December,NATURAL CAUSES,NA,3
Washington,2015,February,NATURAL CAUSES,Natural causes,1
Washington,2015,February,NATURAL CAUSES,Unknown,1
Washington,2015,February,SUICIDE,Intentional self-harm (sucide),1
Washington,2015,January,NATURAL CAUSES,Diseases of the Heart (Heart Disease),1
Washington,2015,January,NATURAL CAUSES,Respiratory Failure,1
Washington,2015,January,NATURAL CAUSES,Severe cerebral vascular accident - hemorrhagic,1
Washington,2015,January,SUICIDE,Intentional self-harm (sucide),1
Washington,2015,July,NATURAL CAUSES,Aspiration Pneumomia,1
Washington,2015,July,NATURAL CAUSES,Bacteremia,1
Washington,2015,July,NATURAL CAUSES,Terminal lung cancer,1
Washington,2015,July,NATURAL CAUSES,end stage liver disease,1
Washington,2015,July,NATURAL CAUSES,NA,1
Washington,2015,June,NATURAL CAUSES,Chronic Myeloid Lukemia,1
Washington,2015,June,NATURAL CAUSES,Unknown,1
Washington,2015,March,NATURAL CAUSES,Glioblastoma stage 4,1
Washington,2015,March,NATURAL CAUSES,Massive UGI bleeding from Esophageal varices,1
Washington,2015,March,NATURAL CAUSES,Respiratory Failure,1
Washington,2015,March,NATURAL CAUSES,Unknown,1
Washington,2015,March,SUICIDE,Intentional self-harm (sucide),1
Washington,2015,May,MURDERED,Intracranial Hemorrhage iwth diffuse axonal injury,1
Washington,2015,May,NATURAL CAUSES,cardiopulmonary arrrest,1
Washington,2015,May,NATURAL CAUSES,multi organ failure,1
Washington,2015,May,SUICIDE,Multi-system organ failure,1
Washington,2015,November,NATURAL CAUSES,Malignant neoplasms (cancer),1
Washington,2015,November,NATURAL CAUSES,Septicemia,1
Washington,2015,November,NATURAL CAUSES,NA,1
Washington,2015,October,NATURAL CAUSES,Cardiac arrest,1
Washington,2015,October,NATURAL CAUSES,Distributive Septic shock,1
Washington,2015,October,NATURAL CAUSES,"Interstitial Lung Disease, Stage 4 due to RA",1
Washington,2015,October,NATURAL CAUSES,Respiratory Failure,1
Washington,2015,September,SUICIDE,Intentional self-harm (sucide),1
Washington,2016,August,NATURAL CAUSES,Malignant neoplasms (cancer),2
Washington,2016,August,NATURAL CAUSES,Metastatic small cell cancer - terminal,1
Washington,2016,August,NATURAL CAUSES,Terminal metastatic colon cancer,1
Washington,2016,August,NATURAL CAUSES,Unknown,2
Washington,2016,August,NATURAL CAUSES,NA,1
Washington,2016,December,SUICIDE,Intentional self-harm (sucide),1
Washington,2016,February,NATURAL CAUSES,Natural causes,1
Washington,2016,February,NATURAL CAUSES,NA,1
Washington,2016,January,NATURAL CAUSES,Amyloidosis,1
Washington,2016,January,NATURAL CAUSES,Chronic lower respiratory diseases,1
Washington,2016,January,NATURAL CAUSES,Diseases of the Heart (Heart Disease),1
Washington,2016,July,ACCIDENTAL,Accidents (unintentional injuries),1
Washington,2016,July,ACCIDENTAL,Unknown,1
Washington,2016,July,NATURAL CAUSES,Malignant neoplasms (cancer),1
Washington,2016,June,NATURAL CAUSES,Chronic lower respiratory diseases,1
Washington,2016,March,NATURAL CAUSES,Diseases of the Heart (Heart Disease),2
Washington,2016,March,NATURAL CAUSES,Subarachnoid Hemorrhage,1
Washington,2016,March,NATURAL CAUSES,Unknown,1
Washington,2016,March,NATURAL CAUSES,NA,1
Washington,2016,October,NATURAL CAUSES,Chronic liver disease and cirrhosis,1
Washington,2016,October,NATURAL CAUSES,Pulmonary Embolism,1
Washington,2016,September,NATURAL CAUSES,Diseases of the Heart (Heart Disease),1
Washington,2016,September,NATURAL CAUSES,Malignant neoplasms (cancer),1
Washington,2016,September,NATURAL CAUSES,NA,1
Washington,2016,September,SUICIDE,Intentional self-harm (sucide),1
Washington,2017,April,NATURAL CAUSES,Idiopathic pulmonary fibrosis,1
Washington,2017,April,NATURAL CAUSES,Malignant neoplasms (cancer),2
Washington,2017,April,NATURAL CAUSES,Unknown,1
Washington,2017,August,NATURAL CAUSES,Malignant neoplasms (cancer),1
Washington,2017,August,NATURAL CAUSES,NA,2
Washington,2017,December,NATURAL CAUSES,Chronic liver disease and cirrhosis,1
Washington,2017,December,NATURAL CAUSES,Subdural hemmorhage,1
Washington,2017,December,NATURAL CAUSES,NA,1
Washington,2017,February,NATURAL CAUSES,Chronic liver disease and cirrhosis,1
Washington,2017,February,NATURAL CAUSES,Malignant neoplasms (cancer),2
Washington,2017,February,NATURAL CAUSES,NA,1
Washington,2017,January,NATURAL CAUSES,Complications of Surgery,1
Washington,2017,January,NATURAL CAUSES,Digestive diseases other than chronic liver disease,1
Washington,2017,January,NATURAL CAUSES,Diseases of the Heart (Heart Disease),2
Washington,2017,January,NATURAL CAUSES,Influenza and pneumonia,1
Washington,2017,January,NATURAL CAUSES,Septicemia,1
Washington,2017,January,NATURAL CAUSES,Unknown,2
Washington,2017,July,NATURAL CAUSES,Chronic lower respiratory diseases,1
Washington,2017,July,NATURAL CAUSES,Influenza and pneumonia,1
Washington,2017,July,NATURAL CAUSES,Unknown,1
Washington,2017,July,NATURAL CAUSES,NA,1
Washington,2017,June,NATURAL CAUSES,Malignant neoplasms (cancer),1
Washington,2017,March,NATURAL CAUSES,Chronic lower respiratory diseases,1
Washington,2017,March,NATURAL CAUSES,NA,1
Washington,2017,March,SUICIDE,Intentional self-harm (sucide),1
Washington,2017,May,NATURAL CAUSES,Cerebrovascular diseases (stroke),1
Washington,2017,May,NATURAL CAUSES,Chronic liver disease and cirrhosis,1
Washington,2017,May,NATURAL CAUSES,Refractory septic shock,1
Washington,2017,May,NATURAL CAUSES,Unknown,1
Washington,2017,May,NATURAL CAUSES,NA,3
Washington,2017,November,MURDERED,Homicide,1
Washington,2017,November,NATURAL CAUSES,Malignant neoplasms (cancer),1
Washington,2017,October,SUICIDE,NA,1
Washington,2017,September,ACCIDENTAL,Unknown,1
Washington,2017,September,NATURAL CAUSES,Unknown,1
Washington,2018,April,NATURAL CAUSES,Acute on Chronic Respiratory failure,1
Washington,2018,April,NATURAL CAUSES,Malignant neoplasms (cancer),1
Washington,2018,April,NATURAL CAUSES,Unknown,1
Washington,2018,April,NATURAL CAUSES,NA,1
Washington,2018,April,SUICIDE,asphyxiation by hanging,1
Washington,2018,August,NATURAL CAUSES,Diseases of the Heart (Heart Disease),1
Washington,2018,August,NATURAL CAUSES,Malignant neoplasms (cancer),1
Washington,2018,August,NATURAL CAUSES,perforated viscus,1
Washington,2018,December,ACCIDENTAL,Accidental Death,1
Washington,2018,December,NATURAL CAUSES,Intentional self-harm (sucide),1
Washington,2018,December,NATURAL CAUSES,Malignant neoplasms (cancer),1
Washington,2018,December,NATURAL CAUSES,Unknown,2
Washington,2018,December,NATURAL CAUSES,NA,1
Washington,2018,February,NATURAL CAUSES,Influenza and pneumonia,1
Washington,2018,January,NATURAL CAUSES,"Dementia, failure to thrive",1
Washington,2018,January,NATURAL CAUSES,Malignant neoplasms (cancer),2
Washington,2018,July,NATURAL CAUSES,Unknown,1
Washington,2018,July,NATURAL CAUSES,cardiac arrest,1
Washington,2018,July,NATURAL CAUSES,respiratory arrest,1
Washington,2018,June,NATURAL CAUSES,Diseases of the Heart (Heart Disease),1
Washington,2018,June,NATURAL CAUSES,Malignant neoplasms (cancer),1
Washington,2018,March,NATURAL CAUSES,Influenza and pneumonia,1
Washington,2018,March,NATURAL CAUSES,Pressumed massive PE,1
Washington,2018,March,NATURAL CAUSES,Septicemia,1
Washington,2018,May,NATURAL CAUSES,Unknown,2
Washington,2018,May,NATURAL CAUSES,NA,1
Washington,2018,November,NATURAL CAUSES,Diabetes mellitus (diabetes),1
Washington,2018,November,NATURAL CAUSES,Malignant neoplasms (cancer),1
Washington,2018,November,NATURAL CAUSES,Unknown,1
Washington,2018,November,NATURAL CAUSES,NA,1
Washington,2018,October,ACCIDENTAL,Malignant neoplasms (cancer),1
Washington,2018,October,NATURAL CAUSES,Malignant neoplasms (cancer),1
Washington,2018,September,NATURAL CAUSES,Chronic lower respiratory diseases,1
Washington,2018,September,SUICIDE,Intentional self-harm (sucide),1
Washington,2019,April,ACCIDENTAL,Drug overdose,1
Washington,2019,April,NATURAL CAUSES,Malignant neoplasms (cancer),1
Washington,2019,August,NATURAL CAUSES,Cerebrovascular diseases (stroke),1
Washington,2019,August,NATURAL CAUSES,Chronic lower respiratory diseases,1
Washington,2019,December,NATURAL CAUSES,Chronic lower respiratory diseases,1
Washington,2019,December,NATURAL CAUSES,Unknown,1
Washington,2019,December,NATURAL CAUSES,NA,1
Washington,2019,February,NATURAL CAUSES,Chronic liver disease and cirrhosis,1
Washington,2019,February,SUICIDE,NA,1
Washington,2019,July,NATURAL CAUSES,Intracranial hemorrhage,1
Washington,2019,July,NATURAL CAUSES,Malignant neoplasms (cancer),1
Washington,2019,July,NATURAL CAUSES,Unknown,1
Washington,2019,July,NATURAL CAUSES,NA,1
Washington,2019,June,NATURAL CAUSES,Complications of Surgery,1
Washington,2019,June,NATURAL CAUSES,Malignant neoplasms (cancer),2
Washington,2019,June,NATURAL CAUSES,Unknown,1
Washington,2019,June,NATURAL CAUSES,NA,2
Washington,2019,March,NATURAL CAUSES,Chronic lower respiratory diseases,1
Washington,2019,March,NATURAL CAUSES,Unknown,1
Washington,2019,May,NATURAL CAUSES,Essential hypertension and hypertensive renal disease,1
Washington,2019,May,NATURAL CAUSES,Malignant neoplasms (cancer),1
Washington,2019,November,ACCIDENTAL,Unknown,1
Washington,2019,November,NATURAL CAUSES,Malignant neoplasms (cancer),1
Washington,2019,November,NATURAL CAUSES,NA,1
Washington,2019,October,NATURAL CAUSES,Malignant neoplasms (cancer),2
Washington,2019,October,NATURAL CAUSES,Unknown,1
Washington,2019,October,SUICIDE,NA,2
Washington,2019,September,NATURAL CAUSES,Chronic liver disease and cirrhosis,1
Washington,2019,September,NATURAL CAUSES,Malignant neoplasms (cancer),1
Washington,2019,September,NATURAL CAUSES,NA,2
Washington,2019,September,SUICIDE,NA,2
Washington,2020,April,NATURAL CAUSES,Chronic lower respiratory diseases,1
Washington,2020,April,NATURAL CAUSES,Malignant neoplasms (cancer),1
Washington,2020,April,NATURAL CAUSES,Unknown,2
Washington,2020,April,NATURAL CAUSES,presumtive aspiration pneumonia,1
Washington,2020,August,ACCIDENTAL,NA,1
Washington,2020,August,NATURAL CAUSES,Diabetes mellitus (diabetes),1
Washington,2020,August,NATURAL CAUSES,Influenza and pneumonia,1
Washington,2020,August,NATURAL CAUSES,Malignant neoplasms (cancer),1
Washington,2020,December,NATURAL CAUSES,COVID-19,1
Washington,2020,December,NATURAL CAUSES,Cerebrovascular diseases (stroke),2
Washington,2020,December,NATURAL CAUSES,Chronic lower respiratory diseases,1
Washington,2020,December,NATURAL CAUSES,Influenza and pneumonia,1
Washington,2020,December,NATURAL CAUSES,Pulmonary Emobli | COVID-19,1
Washington,2020,December,NATURAL CAUSES,Unknown,1
Washington,2020,February,NATURAL CAUSES,Diseases of the Heart (Heart Disease),1
Washington,2020,February,NATURAL CAUSES,Malignant neoplasms (cancer) | Pneumonia,1
Washington,2020,January,NATURAL CAUSES,Chronic liver disease and cirrhosis,1
Washington,2020,January,NATURAL CAUSES,Diseases of the Heart (Heart Disease),1
Washington,2020,January,NATURAL CAUSES,Malignant neoplasms (cancer),2
Washington,2020,January,SUICIDE,Intentional self-harm (sucide),1
Washington,2020,July,NATURAL CAUSES,Malignant neoplasms (cancer),1
Washington,2020,July,NATURAL CAUSES,Unknown,1
Washington,2020,June,MURDERED,Homicide,1
Washington,2020,June,NATURAL CAUSES,Alzheimer's disease,1
Washington,2020,June,NATURAL CAUSES,COVID-19 acute respiratory distress syndrome,1
Washington,2020,June,NATURAL CAUSES,Diseases of the Heart (Heart Disease),1
Washington,2020,June,NATURAL CAUSES,Septicemia,1
Washington,2020,June,NATURAL CAUSES,pneumonia and ARDS | COVID-19,1
Washington,2020,March,NATURAL CAUSES,Cerebrovascular diseases (stroke) | Medical Treatment,1
Washington,2020,March,NATURAL CAUSES,Diseases of the Heart (Heart Disease),1
Washington,2020,March,SUICIDE,Intentional self-harm (sucide),1
Washington,2020,May,ACCIDENTAL,NA,2
Washington,2020,May,NATURAL CAUSES,Malignant neoplasms (cancer),2
Washington,2020,May,NATURAL CAUSES,Septicemia,1
Washington,2020,November,ACCIDENTAL,Unknown,1
Washington,2020,November,ACCIDENTAL,NA,1
Washington,2020,November,NATURAL CAUSES,Influenza and pneumonia,1
Washington,2020,November,NATURAL CAUSES,Malignant neoplasms (cancer),1
Washington,2020,November,NATURAL CAUSES,Septicemia,1
Washington,2020,November,NATURAL CAUSES,NA,1
Washington,2020,October,NATURAL CAUSES,Malignant neoplasms (cancer),1
Washington,2020,October,NATURAL CAUSES,Respiratory failure,1
Washington,2020,September,NATURAL CAUSES,Failure to Thrive,1
Washington,2020,September,NATURAL CAUSES,Malignant neoplasms (cancer),2
Washington,2020,September,NATURAL CAUSES,Septicemia,1
Washington,2021,January,NATURAL CAUSES,NA,NA
Washington,2021,January,NATURAL CAUSES,NA,NA
Washington,2021,January,NATURAL CAUSES,NA,NA
Washington,2021,January,NATURAL CAUSES,NA,NA
Washington,2021,January,NATURAL CAUSES,NA,NA
Washington,2021,January,NATURAL CAUSES,NA,NA
Washington,2021,January,NATURAL CAUSES,NA,NA
Washington,2021,January,NATURAL CAUSES,NA,NA
Washington,2021,January,NATURAL CAUSES,NA,NA
Washington,2021,February,NATURAL CAUSES,NA,NA
Washington,2021,February,NATURAL CAUSES,NA,NA
Washington,2021,February,NATURAL CAUSES,NA,NA
Washington,2021,February,NATURAL CAUSES,NA,NA
Washington,2021,March,NATURAL CAUSES,NA,NA
Washington,2021,March,NATURAL CAUSES,NA,NA
Washington,2021,March,SUICIDE,NA,NA
Washington,2021,April,ACCIDENTAL,NA,NA
Washington,2021,April,NATURAL CAUSES,NA,NA
Washington,2021,April,NATURAL CAUSES,NA,NA
Washington,2021,May,NATURAL CAUSES,NA,NA
Washington,2021,May,NATURAL CAUSES,NA,NA
Washington,2021,June,NATURAL CAUSES,NA,NA
Washington,2021,June,NATURAL CAUSES,NA,NA
Washington,2021,July,NATURAL CAUSES,NA,NA
Washington,2021,July,NATURAL CAUSES,NA,NA
Washington,2021,July,SUICIDE,NA,NA
Washington,2021,August,NATURAL CAUSES,NA,NA
Washington,2021,August,NATURAL CAUSES,NA,NA
Washington,2021,August,NATURAL CAUSES,NA,NA
Washington,2021,August,JUSTIFIABLE HOMICIDE,NA,NA
Washington,2021,September,SUICIDE,NA,NA
Washington,2021,September,NATURAL CAUSES,NA,NA
Washington,2021,October,NATURAL CAUSES,NA,NA
Washington,2021,October,NATURAL CAUSES,NA,NA
Washington,2021,October,NATURAL CAUSES,NA,NA
Washington,2021,October,NATURAL CAUSES,NA,NA
Washington,2021,October,NATURAL CAUSES,NA,NA
Washington,2021,November,NATURAL CAUSES,NA,NA
Washington,2021,November,ACCIDENTAL,NA,NA
Washington,2021,November,NATURAL CAUSES,NA,NA
Washington,2021,December,NATURAL CAUSES,NA,NA
Washington,2021,December,NATURAL CAUSES,NA,NA
Washington,2021,December,NATURAL CAUSES,NA,NA
Washington,2021,December,NATURAL CAUSES,NA,NA
